iid1	iid2	Nonnormalized_P0	Nonnormalized_P0_serr	OverlapNSNPs
Sample43	Sample38	0.230336690249579	0.0033856031048703	43393
Sample43	Sample26	0.258234928527035	0.0074652161703473	6436
Sample43	Sample52	0.258279266572638	0.0035255770036743	53175
Sample43	Sample50	0.265273432611688	0.0037672809410579	39955
Sample43	Sample40	0.273299189418075	0.0051466625237602	24797
Sample43	Sample47	0.266415597058899	0.0039710562701095	39033
Sample43	Sample32	0.236251478789927	0.0036665468984383	59170
Sample43	Sample33	0.235350674323727	0.0041395221768502	38483
Sample43	Sample14	0.268703127858057	0.0037029814441504	43736
Sample43	Sample9	0.270730746503841	0.0037302990466435	40616
Sample43	Sample11	0.263173990020924	0.0037038593837736	62130
Sample43	Sample53	0.264614242125825	0.0031803400513905	61943
Sample43	Sample46	0.247420527900057	0.003781860679732	57473
Sample43	Sample55	0.272794662713121	0.0042548409290427	37772
Sample43	Sample34	0.266034910672164	0.0035371751197464	48753
Sample43	Sample5	0.222650475184794	0.0049879162078445	18940
Sample43	Sample39	0.275325396024619	0.0038363340002766	39644
Sample43	Sample49	0.263384695743014	0.0049820843013275	22974
Sample43	Sample56	0.271467391304348	0.0035488243164676	51520
Sample43	Sample20	0.267845372416735	0.0046886981425883	25791
Sample43	Sample36	0.276375576266127	0.0049830032528	30151
Sample43	Sample37	0.26854401551757	0.0034080332727224	57741
Sample43	Sample41	0.263773667772789	0.0027796714050534	81968
Sample43	Sample28	0.277220812182741	0.0052553724555612	15760
Sample43	Sample2	0.271887966804979	0.0034325293978048	48200
Sample43	Sample29	0.275695362103974	0.0041244362372165	31027
Sample43	Sample30	0.264456825633083	0.0036647808762331	49717
Sample43	Sample3	0.272204753693749	0.0045676996497375	29577
Sample43	Sample8	0.2722020842773	0.0069656542972926	8828
Sample43	Sample42	0.267495569042376	0.0041587105352517	37238
Sample43	Sample35	0.269001766591786	0.0037533992202339	45851
Sample43	Sample12	0.264638245179551	0.006197365138918	11306
Sample43	Sample21	0.277632071937055	0.0064054887281546	10676
Sample43	Sample16	0.266964168526053	0.0057671272380131	15238
Sample43	Sample19	0.268596872559985	0.0036617008293855	47387
Sample43	Sample15	0.272547707795725	0.004480015382403	31389
Sample43	Sample10	0.272825564632388	0.0036388235401073	49944
Sample43	Sample23	0.274158815612382	0.0035249235542348	52010
Sample43	Sample44	0.267885423795092	0.0033139018642738	51145
Sample43	Sample1	0.267951904346074	0.0034299756005178	59548
Sample43	Sample51	0.274430042712128	0.0032102413469741	54083
Sample43	Sample17	0.268544044521166	0.0041364454042865	38813
Sample43	Sample48	0.276086770127754	0.004409115371496	23326
Sample43	Sample13	0.274733247972685	0.0035618223214775	46860
Sample43	Sample57	0.27726710565899	0.0052511113428081	29917
Sample43	Sample54	0.277225620115528	0.0047623149931594	23544
Sample43	Sample7	0.206986943590261	0.0043223708945744	19837
Sample43	Sample58	0.272486949538214	0.0042224790582781	29884
Sample43	Sample27	0.276690370299903	0.0038478224927119	42047
Sample43	Sample45	0.253843879361325	0.0076258030598999	6764
Sample43	Sample24	0.25253023944705	0.0054712361732368	12153
Sample43	Sample22	0.240430693962665	0.0032319987852804	49873
Sample43	Sample25	0.251732673267327	0.00832983732406	4040
Sample43	Sample31	0.258294573643411	0.0077133648822354	6450
Sample43	Sample18	0.242248062015504	0.0069805007580911	6708
Sample38	Sample26	0.247309704807977	0.0057987820921053	10129
Sample38	Sample52	0.229878001994936	0.003891880643601	39099
Sample38	Sample50	0.282050022111936	0.0052636059079034	20351
Sample38	Sample40	0.280360255665311	0.0067294725125258	10326
Sample38	Sample47	0.259503507371781	0.0044287353644131	23807
Sample38	Sample32	0.187276319713689	0.0034225067083511	53648
Sample38	Sample33	0.24797348560476	0.0041755095884369	25043
Sample38	Sample14	0.20286534910757	0.0035354476404299	29246
Sample38	Sample9	0.268469095691189	0.00380037974966	25854
Sample38	Sample11	0.259186106514351	0.0031959236662668	56199
Sample38	Sample53	0.253879804187064	0.0026681541135453	57606
Sample38	Sample46	0.247327327327327	0.0031764072052262	49950
Sample38	Sample55	0.269589671481529	0.0043642000408784	23469
Sample38	Sample34	0.264858087921468	0.0036373572109544	37488
Sample38	Sample5	0.21145222490514	0.0067956947098609	8697
Sample38	Sample39	0.273683321366727	0.0045925160704778	23677
Sample38	Sample49	0.266853008878658	0.0061137860936571	12164
Sample38	Sample56	0.265761801083986	0.0033513632373597	43174
Sample38	Sample20	0.271958160283033	0.005462289105473	13002
Sample38	Sample36	0.278999333696771	0.0052286252106788	16509
Sample38	Sample37	0.2610182591054	0.0031809560911611	51755
Sample38	Sample41	0.254396906573531	0.0026523792242006	96204
Sample38	Sample28	0.277752450421701	0.0067469208518599	8774
Sample38	Sample2	0.269101406287243	0.0032129048799813	37759
Sample38	Sample29	0.280120328353643	0.0045488279237379	19613
Sample38	Sample30	0.234275938411996	0.0034668186734853	39748
Sample38	Sample3	0.27891023128185	0.0052881018796535	15306
Sample38	Sample8	0.273716422985379	0.0081404573507071	5882
Sample38	Sample42	0.265098301557216	0.0041237991421723	26907
Sample38	Sample35	0.266187845303867	0.0037937797344089	36200
Sample38	Sample12	0.264874506306536	0.0064253739502861	7849
Sample38	Sample21	0.268813825608798	0.0072953796944596	6365
Sample38	Sample16	0.269437438315605	0.0065154228413832	9119
Sample38	Sample19	0.209221023694983	0.0031890851824362	33467
Sample38	Sample15	0.267254828124159	0.0050538297397887	18589
Sample38	Sample10	0.267722393453077	0.0039774337777739	37636
Sample38	Sample23	0.266344814334438	0.0034968971032316	41634
Sample38	Sample44	0.26715996998784	0.0035840380047428	38651
Sample38	Sample1	0.261508454998201	0.0035504313174856	52809
Sample38	Sample51	0.269919001090816	0.003428050422456	43087
Sample38	Sample17	0.275348919121208	0.0050837853696902	22713
Sample38	Sample48	0.281694775812423	0.0055988716076276	12155
Sample38	Sample13	0.268108017161605	0.003656655078065	35661
Sample38	Sample57	0.268307972872856	0.0050538207922342	17547
Sample38	Sample54	0.286109623281557	0.0064449459331289	11202
Sample38	Sample7	0.260460426819022	0.0058042813068788	11902
Sample38	Sample58	0.269252201047587	0.0052613070807714	17946
Sample38	Sample27	0.276308256040307	0.0045071531138377	26199
Sample38	Sample45	0.252345844504021	0.0071722050442159	5968
Sample38	Sample24	0.244314868804665	0.005336077224702	12005
Sample38	Sample22	0.189469148878875	0.0032998959313566	55703
Sample38	Sample25	0.249188311688312	0.006950635328691	6160
Sample38	Sample31	0.249499799919968	0.0058514391403726	9996
Sample38	Sample18	0.246250367611019	0.005417706887088	10201
Sample26	Sample52	0.271325796505653	0.0079076775408561	5838
Sample26	Sample50	0.277961614824619	0.0110439389579529	3022
Sample26	Sample40	0.292023731048121	0.0147971175976384	1517
Sample26	Sample47	0.270156774916013	0.0100649658932165	3572
Sample26	Sample32	0.25395256916996	0.006450729781385	8096
Sample26	Sample33	0.263227513227513	0.0103735487776712	3780
Sample26	Sample14	0.268738574040219	0.0091970417291161	4376
Sample26	Sample9	0.265196204154912	0.0094653356838471	3899
Sample26	Sample11	0.257559587335468	0.006076968457233	8433
Sample26	Sample53	0.263390263738817	0.0063852300577374	8607
Sample26	Sample46	0.259269102990033	0.0073058509725686	7525
Sample26	Sample55	0.268622375611159	0.0098386373546695	3477
Sample26	Sample34	0.256811487481591	0.0074343459932112	5432
Sample26	Sample5	0.273940345368917	0.01552969274463	1274
Sample26	Sample39	0.264604810996564	0.0102376162301553	3492
Sample26	Sample49	0.267533936651584	0.0131064340447557	1768
Sample26	Sample56	0.261261261261261	0.0070785256147916	6327
Sample26	Sample20	0.257021727609963	0.0121740215298588	1887
Sample26	Sample36	0.275532377227292	0.0117430622147959	2301
Sample26	Sample37	0.25822152065246	0.0064106880779159	7602
Sample26	Sample41	0.255988023952096	0.0055922078047178	14028
Sample26	Sample28	0.284539473684211	0.0161056490856285	1216
Sample26	Sample2	0.271081031644412	0.0076951361620424	5467
Sample26	Sample29	0.275357267340537	0.0106831938995751	2869
Sample26	Sample30	0.262901824500434	0.0072529760679358	5755
Sample26	Sample3	0.275829827021973	0.0121227734999739	2139
Sample26	Sample8	0.252032520325203	0.0172817716816048	861
Sample26	Sample42	0.272455834784772	0.0095106975576367	4019
Sample26	Sample35	0.273782771535581	0.0076615346613917	5340
Sample26	Sample12	0.264376996805112	0.0153765038554188	1252
Sample26	Sample21	0.267857142857143	0.0179413733744657	896
Sample26	Sample16	0.259426847662142	0.0146226362015897	1326
Sample26	Sample19	0.267813267813268	0.0087323533156321	4884
Sample26	Sample15	0.275192378160498	0.0117165628815171	2729
Sample26	Sample10	0.267034990791897	0.0076566706541184	5430
Sample26	Sample23	0.268111147866358	0.007201760744838	6046
Sample26	Sample44	0.268190542662712	0.0075876275676156	5731
Sample26	Sample1	0.265447102468978	0.0064258821606689	7817
Sample26	Sample51	0.276491891040781	0.0075555304451769	6351
Sample26	Sample17	0.283180428134557	0.0108568009864378	3270
Sample26	Sample48	0.275271273557967	0.0134173449105274	1751
Sample26	Sample13	0.264739884393064	0.007583391933488	5190
Sample26	Sample57	0.268720748829953	0.0106268375675357	2564
Sample26	Sample54	0.264504054897068	0.0138398390674164	1603
Sample26	Sample7	0.285307517084283	0.0132400507129423	1756
Sample26	Sample58	0.262509335324869	0.0106803092749188	2678
Sample26	Sample27	0.286663124335813	0.0097329069193646	3764
Sample26	Sample45	0.263045793397231	0.017367606453078	939
Sample26	Sample24	0.244481236203091	0.0128478898729115	1812
Sample26	Sample22	0.252131546894032	0.0061520336748786	8210
Sample26	Sample25	0.235550708833152	0.0158929803488661	917
Sample26	Sample31	0.262542955326461	0.0142717248869181	1455
Sample26	Sample18	0.232040686586141	0.0133951026081976	1573
Sample52	Sample50	0.268927775804733	0.0034632624505669	61946
Sample52	Sample40	0.267209564766523	0.0040535486323981	32787
Sample52	Sample47	0.26555700204575	0.0033501215498918	53770
Sample52	Sample32	0.230585041678938	0.0032059748809271	78097
Sample52	Sample33	0.259582652178094	0.0033332049965658	51995
Sample52	Sample14	0.236599395848062	0.0034223863360311	62236
Sample52	Sample9	0.271348535131856	0.0034429551415279	56046
Sample52	Sample11	0.265190991889075	0.0032357045591713	88276
Sample52	Sample53	0.269874120425604	0.0027936145350654	82142
Sample52	Sample46	0.257968706554435	0.0029444970064627	79122
Sample52	Sample55	0.273440027402995	0.0032593135438969	52549
Sample52	Sample34	0.273182044955032	0.0038393564241449	74163
Sample52	Sample5	0.247686703096539	0.0052015492250745	27450
Sample52	Sample39	0.278786323689781	0.0035219947840236	62356
Sample52	Sample49	0.273449920508744	0.0040656363702505	33966
Sample52	Sample56	0.275562468155855	0.0032368009633995	74582
Sample52	Sample20	0.275928072682177	0.003924640974431	37093
Sample52	Sample36	0.280592432041904	0.0034384943656077	44292
Sample52	Sample37	0.274872569378894	0.0033062301098954	84752
Sample52	Sample41	0.265735257950396	0.0031341681707986	105718
Sample52	Sample28	0.275466725236108	0.0047602438890431	22765
Sample52	Sample2	0.277842605156038	0.0031934584238603	73700
Sample52	Sample29	0.281709627296141	0.0034973866360877	46981
Sample52	Sample30	0.263501080086407	0.003447089627021	74994
Sample52	Sample3	0.277294260218134	0.0044285893488141	45385
Sample52	Sample8	0.278015397775877	0.0062246732105675	12859
Sample52	Sample42	0.274158079348636	0.0035850287899606	55023
Sample52	Sample35	0.274756953126149	0.0033113630414264	67991
Sample52	Sample12	0.271304781497413	0.0057057969574898	16041
Sample52	Sample21	0.280359234673955	0.0056351568860026	15366
Sample52	Sample16	0.279769929001528	0.0052058346729519	22254
Sample52	Sample19	0.261929687396472	0.0035861834976152	75463
Sample52	Sample15	0.280328418230563	0.0037873572210192	47744
Sample52	Sample10	0.276154449891278	0.0035130467886073	77721
Sample52	Sample23	0.275869426072114	0.0030621902190605	79679
Sample52	Sample44	0.272989717059462	0.0033856665519311	78285
Sample52	Sample1	0.271463376472429	0.0033801300335544	89478
Sample52	Sample51	0.277383571039996	0.0027056746619707	84558
Sample52	Sample17	0.276401650257236	0.0036756202402142	60839
Sample52	Sample48	0.278330310653484	0.0041559120289473	34186
Sample52	Sample13	0.276727402643801	0.0035263636558654	69975
Sample52	Sample57	0.277252923641367	0.0038015265200439	43610
Sample52	Sample54	0.263865399195194	0.0039010518770763	34294
Sample52	Sample7	0.271810953074252	0.004099945488855	26787
Sample52	Sample58	0.278580636406812	0.004050270505313	44217
Sample52	Sample27	0.281939714024216	0.00339962458232	66649
Sample52	Sample45	0.257975383069581	0.0067442907964524	7962
Sample52	Sample24	0.258161904093239	0.0057985515029459	14243
Sample52	Sample22	0.233578515224085	0.0030133637984757	58460
Sample52	Sample25	0.263771186440678	0.0101207225068229	3776
Sample52	Sample31	0.264132231404959	0.0079009512020684	6050
Sample52	Sample18	0.260195106348953	0.0075526459086414	6253
Sample50	Sample40	0.276758461074028	0.004367749273643	29813
Sample50	Sample47	0.244076467420571	0.0042855125204512	44568
Sample50	Sample32	0.267484727196124	0.0037234994957081	56964
Sample50	Sample33	0.266161855182205	0.0036692851978138	42260
Sample50	Sample14	0.274311207572195	0.0039892147056735	49761
Sample50	Sample9	0.274996718155166	0.0039841033446957	45706
Sample50	Sample11	0.226793299288885	0.0039341115707709	62859
Sample50	Sample53	0.270696051361103	0.0037420321738937	59033
Sample50	Sample46	0.266920363516308	0.0036689497656827	57549
Sample50	Sample55	0.274589399029489	0.00392984283906	42864
Sample50	Sample34	0.247541190695324	0.003478387720401	55413
Sample50	Sample5	0.274662335441956	0.0051934003800365	23396
Sample50	Sample39	0.280066940141636	0.0039810507080838	48999
Sample50	Sample49	0.23903112716456	0.0047044179023099	28239
Sample50	Sample56	0.279236881640632	0.0038733648942569	55247
Sample50	Sample20	0.276623625671184	0.0042703106543473	31288
Sample50	Sample36	0.28237116764514	0.0043472707420149	36792
Sample50	Sample37	0.263531822087106	0.003769758522405	60524
Sample50	Sample41	0.275534962581852	0.0030756420075902	68416
Sample50	Sample28	0.275005297732571	0.0047086072117152	18876
Sample50	Sample2	0.247961446136368	0.003356697193109	54573
Sample50	Sample29	0.284606925408363	0.0041128137767855	37283
Sample50	Sample30	0.277373708277824	0.0039144717986327	55546
Sample50	Sample3	0.272688114147261	0.0045384734146402	37145
Sample50	Sample8	0.275436893203884	0.0067599421185656	10300
Sample50	Sample42	0.278741609151933	0.0040449193719626	42308
Sample50	Sample35	0.282479400897074	0.0039855051069672	50609
Sample50	Sample12	0.2770206022187	0.006254950597636	12620
Sample50	Sample21	0.28090692124105	0.006328753655805	12570
Sample50	Sample16	0.239452175833886	0.0055306687825489	18108
Sample50	Sample19	0.279670621568975	0.0035067582278113	56470
Sample50	Sample15	0.272520282648521	0.0041973840077891	38210
Sample50	Sample10	0.21311731339659	0.0035607335160217	57649
Sample50	Sample23	0.246453840106641	0.0036942280504311	58514
Sample50	Sample44	0.209754264929387	0.0030206771802239	58559
Sample50	Sample1	0.260818731929281	0.0036366920443109	63293
Sample50	Sample51	0.279746235222943	0.0033182993657053	61159
Sample50	Sample17	0.262478538775004	0.0041329056976296	48343
Sample50	Sample48	0.284199065781618	0.0045049907901725	28473
Sample50	Sample13	0.27668433005299	0.0034936337821238	52840
Sample50	Sample57	0.277326512830602	0.0044305633304098	35579
Sample50	Sample54	0.286350819786264	0.0042956214195896	28727
Sample50	Sample7	0.273788389845553	0.0048142075900581	22532
Sample50	Sample58	0.272051787222066	0.0042246936660579	35530
Sample50	Sample27	0.279983706088879	0.0040331320174006	51553
Sample50	Sample45	0.261388468650193	0.0078282444250012	5949
Sample50	Sample24	0.262853149645602	0.0065831925479201	10017
Sample50	Sample22	0.273913839554288	0.0040610072703636	38231
Sample50	Sample25	0.26284289276808	0.0133128786318974	2005
Sample50	Sample31	0.279543350817649	0.0111257916962478	3241
Sample50	Sample18	0.269314303443996	0.0106522205162016	3223
Sample40	Sample47	0.270454875744805	0.0048622544611728	27524
Sample40	Sample32	0.266951132151867	0.0040998426125679	32107
Sample40	Sample33	0.264397216475456	0.0046100975486629	26585
Sample40	Sample14	0.265692934782609	0.0047303144298493	29440
Sample40	Sample9	0.264919786096257	0.0044014911829788	28050
Sample40	Sample11	0.269625902297301	0.0043455981841988	33387
Sample40	Sample53	0.269053188869737	0.0039187772016471	32488
Sample40	Sample46	0.26890255380561	0.0044366906421828	31874
Sample40	Sample55	0.27301044634378	0.0044859938768934	26325
Sample40	Sample34	0.272565964577925	0.0044566149653997	30433
Sample40	Sample5	0.270513076462368	0.0054258804235596	15027
Sample40	Sample39	0.275242684050167	0.0042899054541074	28226
Sample40	Sample49	0.274321527138914	0.0056970542062991	17392
Sample40	Sample56	0.276519237684286	0.0043427780921661	30591
Sample40	Sample20	0.269733874605323	0.0052805007973309	19953
Sample40	Sample36	0.278957186001066	0.0047648891110081	22516
Sample40	Sample37	0.275584479674295	0.0042576914972023	32422
Sample40	Sample41	0.27493323378227	0.0043750943939636	34823
Sample40	Sample28	0.278810092055915	0.0061744482928391	11732
Sample40	Sample2	0.281544949461142	0.0045029602574931	29878
Sample40	Sample29	0.283296234464849	0.004677979376337	21564
Sample40	Sample30	0.27718670246263	0.0042573938894998	30171
Sample40	Sample3	0.274123197436354	0.0051605604863264	22468
Sample40	Sample8	0.275577557755776	0.0082502816657523	6060
Sample40	Sample42	0.279384794931644	0.0049876325870163	23992
Sample40	Sample35	0.276507201273793	0.0045911112024139	27634
Sample40	Sample12	0.275538522532047	0.0075283276550953	7567
Sample40	Sample21	0.277472176026609	0.0075134523356118	7817
Sample40	Sample16	0.281043956043956	0.0064189891086239	10920
Sample40	Sample19	0.274868940521649	0.0040678371225317	30902
Sample40	Sample15	0.238851666148999	0.0052015274646099	22537
Sample40	Sample10	0.281337579617834	0.004268670771771	31400
Sample40	Sample23	0.276310391618543	0.0042386635637407	31689
Sample40	Sample44	0.279998729876481	0.0044007645609213	31493
Sample40	Sample1	0.276514923123304	0.0045068271745861	33170
Sample40	Sample51	0.272094662947181	0.0040436616312222	32621
Sample40	Sample17	0.277355705181291	0.0050172320733284	27773
Sample40	Sample48	0.267760791366906	0.0056352339375658	17792
Sample40	Sample13	0.276983802912754	0.0049683525950162	29388
Sample40	Sample57	0.277471891916902	0.0050907355766448	21613
Sample40	Sample54	0.275937346504393	0.0051207222883997	18323
Sample40	Sample7	0.271469661690179	0.0057897366144894	14602
Sample40	Sample58	0.280439644097635	0.0056391721133539	21017
Sample40	Sample27	0.275515437480767	0.0042362861550315	29247
Sample40	Sample45	0.257860040567951	0.0099750915939575	3944
Sample40	Sample24	0.259353606113676	0.0079678193510073	6281
Sample40	Sample22	0.269386639952643	0.0049624232183759	21961
Sample40	Sample25	0.29122468659595	0.017294068318692	1037
Sample40	Sample31	0.264723740133576	0.0144625573261341	1647
Sample40	Sample18	0.262716935966487	0.0143557134959897	1671
Sample47	Sample32	0.25955077037312	0.0035737813459725	53870
Sample47	Sample33	0.258297221514147	0.0037439583710532	39230
Sample47	Sample14	0.266057696581767	0.0038251191714297	44994
Sample47	Sample9	0.263001943772816	0.003895061108273	42186
Sample47	Sample11	0.22536593917083	0.0035044056919491	57045
Sample47	Sample53	0.267169756557704	0.0033385391729246	55126
Sample47	Sample46	0.263219741480611	0.0035505695951507	53613
Sample47	Sample55	0.268157570783751	0.0040434103181714	38992
Sample47	Sample34	0.239760011625734	0.0036642288383065	48169
Sample47	Sample5	0.268749100331078	0.0056287948902473	20841
Sample47	Sample39	0.280038782604583	0.0038871506265415	42287
Sample47	Sample49	0.232583236740078	0.0045583101525078	25019
Sample47	Sample56	0.268866283234746	0.0037150497166965	48857
Sample47	Sample20	0.268710906607233	0.004447537802843	27818
Sample47	Sample36	0.277774350749491	0.0043699722677515	32422
Sample47	Sample37	0.201139836148554	0.003136440517755	53341
Sample47	Sample41	0.271995716602888	0.0035583640077023	63501
Sample47	Sample28	0.268577940382655	0.0050066521619939	16673
Sample47	Sample2	0.262716352774188	0.0039233196526448	47203
Sample47	Sample29	0.28113195863521	0.0039217337937197	32298
Sample47	Sample30	0.277703191159765	0.0038239225267235	48415
Sample47	Sample3	0.260430458478308	0.0048374651780545	32477
Sample47	Sample8	0.269800884955752	0.0071168378860826	9040
Sample47	Sample42	0.270951531852812	0.0045719083132306	37014
Sample47	Sample35	0.272084485337443	0.0041493639390928	44126
Sample47	Sample12	0.262571807335396	0.0068258695429495	11315
Sample47	Sample21	0.273164647184604	0.0062550747722419	11224
Sample47	Sample16	0.267701321366243	0.0060516858516924	16044
Sample47	Sample19	0.27909190621055	0.0034225700962604	48321
Sample47	Sample15	0.255790200967287	0.0044595349517813	33289
Sample47	Sample10	0.250085295121119	0.0038159221924021	49827
Sample47	Sample23	0.257187364435856	0.0036655310114711	50714
Sample47	Sample44	0.203180457240299	0.0035079662709287	50433
Sample47	Sample1	0.264780794450767	0.004014117064592	55359
Sample47	Sample51	0.270512164135237	0.0034931580393346	52737
Sample47	Sample17	0.26436340984235	0.0046411644869414	41738
Sample47	Sample48	0.283639265762171	0.0047054659991485	25060
Sample47	Sample13	0.279710270645385	0.0038519076703875	46112
Sample47	Sample57	0.267949572893843	0.0040188099428124	31491
Sample47	Sample54	0.276438645153729	0.0044763184585522	25597
Sample47	Sample7	0.270645792563601	0.0050733909847887	20440
Sample47	Sample58	0.266246503102994	0.0045429540553965	31099
Sample47	Sample27	0.278308260517071	0.0035482489518801	44404
Sample47	Sample45	0.255171244489658	0.0083994852384957	5898
Sample47	Sample24	0.24982498249825	0.0063299666768791	9999
Sample47	Sample22	0.26373025990582	0.0035688874365888	38437
Sample47	Sample25	0.229667088074168	0.0109711298732063	2373
Sample47	Sample31	0.263200214419727	0.0098434801839753	3731
Sample47	Sample18	0.254876462938882	0.0090979148280157	3845
Sample32	Sample33	0.249852310624107	0.0032034155732405	52475
Sample32	Sample14	0.202225894245723	0.0032831217855669	61728
Sample32	Sample9	0.269418419657062	0.0033701277605294	56570
Sample32	Sample11	0.26119662335624	0.0031100818268636	89201
Sample32	Sample53	0.262136812897012	0.0027943280137886	87214
Sample32	Sample46	0.249738931928018	0.0030382619581034	82354
Sample32	Sample55	0.269170670729325	0.0032733955486068	51198
Sample32	Sample34	0.265617079643379	0.0032728550527947	67074
Sample32	Sample5	0.2081775321086	0.0046862146014339	24604
Sample32	Sample39	0.273748554435817	0.0038529488532067	54477
Sample32	Sample49	0.264141678669635	0.0041815315235723	30548
Sample32	Sample56	0.275915046161287	0.0032396582462177	70297
Sample32	Sample20	0.274899208600866	0.0044876416929657	33485
Sample32	Sample36	0.273114110182294	0.0037834653842808	39716
Sample32	Sample37	0.266699171136031	0.0033655361875866	79989
Sample32	Sample41	0.261481103352719	0.002509705049177	109702
Sample32	Sample28	0.277643182478922	0.0047827313255993	20638
Sample32	Sample2	0.273119317239403	0.0032168595201924	66319
Sample32	Sample29	0.279389641091769	0.0035081733842313	41877
Sample32	Sample30	0.240607698868154	0.0034474881868358	69179
Sample32	Sample3	0.274028629856851	0.0041105354496695	39609
Sample32	Sample8	0.281430122796759	0.0057404054619393	11971
Sample32	Sample42	0.271058630969778	0.0034964223977978	51321
Sample32	Sample35	0.271102173947464	0.0032428014191789	63157
Sample32	Sample12	0.266869945644969	0.0057733614814047	15086
Sample32	Sample21	0.276304533789564	0.0053395273327073	14028
Sample32	Sample16	0.273908960608906	0.0048986549569297	20233
Sample32	Sample19	0.243950789159088	0.0035179691949307	66083
Sample32	Sample15	0.274073552535849	0.0042568416698927	42609
Sample32	Sample10	0.270515321932744	0.0031954362830079	69704
Sample32	Sample23	0.272516556291391	0.0030824795955745	72480
Sample32	Sample44	0.267255543540845	0.0032843455638445	71209
Sample32	Sample1	0.267806712893418	0.0032454343358458	83213
Sample32	Sample51	0.276622044551982	0.0035043183707873	76046
Sample32	Sample17	0.272848553175498	0.0038275780784571	53220
Sample32	Sample48	0.275651691625069	0.0043616254805159	30651
Sample32	Sample13	0.275948975647468	0.0032871874485873	64675
Sample32	Sample57	0.276764669395857	0.0038985503583517	40305
Sample32	Sample54	0.283023811863352	0.0040274015093243	30531
Sample32	Sample7	0.260498944240244	0.0045369724823709	25574
Sample32	Sample58	0.269775517797346	0.0042603727863559	40315
Sample32	Sample27	0.281389748882009	0.0035271435715262	58140
Sample32	Sample45	0.259382151029748	0.0069740989664543	8740
Sample32	Sample24	0.256774766770324	0.0049773671901053	15757
Sample32	Sample22	0.198389557808227	0.003740491495874	66193
Sample32	Sample25	0.253844693373837	0.0081563216437173	5267
Sample32	Sample31	0.263183068276934	0.0062966035256791	8363
Sample32	Sample18	0.250985392997913	0.0062869765739884	8626
Sample33	Sample14	0.270263493800146	0.0033957567376732	43872
Sample33	Sample9	0.267195637221185	0.0035013568521583	40708
Sample33	Sample11	0.264558564018467	0.0039945950178327	56101
Sample33	Sample53	0.268648718564645	0.0032823717162225	54119
Sample33	Sample46	0.252906196048341	0.0036571869919331	52130
Sample33	Sample55	0.266138225391692	0.0037944128753305	37721
Sample33	Sample34	0.273964546752919	0.0036485898303844	47612
Sample33	Sample5	0.237833633137245	0.0051670674329159	20569
Sample33	Sample39	0.279495117885211	0.0040153891654223	41990
Sample33	Sample49	0.267203153227131	0.0051579256530901	24356
Sample33	Sample56	0.277669143527571	0.0033842181172249	48583
Sample33	Sample20	0.268954450968236	0.0041861399626227	27421
Sample33	Sample36	0.278535941135778	0.0043062378202564	31802
Sample33	Sample37	0.267403314917127	0.0033339789702674	53395
Sample33	Sample41	0.270852785558668	0.0030165134331629	64260
Sample33	Sample28	0.271005699577128	0.0055439522055265	16317
Sample33	Sample2	0.276417923143993	0.0036226275120024	47023
Sample33	Sample29	0.282600490658615	0.0040950760391065	31794
Sample33	Sample30	0.265056435309973	0.0032628146647032	47488
Sample33	Sample3	0.277405831560506	0.0046262650453602	31964
Sample33	Sample8	0.275214834916328	0.0068934587974381	8844
Sample33	Sample42	0.274536321483771	0.0038624366498682	36232
Sample33	Sample35	0.274544453114242	0.0037463990652218	43574
Sample33	Sample12	0.272173445619065	0.0066648516468267	11162
Sample33	Sample21	0.272064777327935	0.0060580213513813	11115
Sample33	Sample16	0.271673003802281	0.005640674386985	15780
Sample33	Sample19	0.267535007594515	0.0033890632286025	48061
Sample33	Sample15	0.278236576305529	0.0043074969765264	32573
Sample33	Sample10	0.271712359187629	0.0035526411954913	49534
Sample33	Sample23	0.276744828675193	0.0033016372961687	50664
Sample33	Sample44	0.266246871720352	0.0036235314468686	49548
Sample33	Sample1	0.271993046249683	0.0040544140206653	55222
Sample33	Sample51	0.272824061751397	0.0036092002453366	52598
Sample33	Sample17	0.271368255682655	0.0040013216954898	40738
Sample33	Sample48	0.272856274072572	0.0042573968315165	24665
Sample33	Sample13	0.279110191867629	0.0033269182900239	45448
Sample33	Sample57	0.278882129030159	0.004263356182579	30737
Sample33	Sample54	0.271194490619805	0.0045720951329979	25266
Sample33	Sample7	0.258139305445935	0.0049626021393977	20272
Sample33	Sample58	0.27805914066329	0.0047427103689128	30605
Sample33	Sample27	0.278370447876624	0.003506922098226	43963
Sample33	Sample45	0.25172981878089	0.0077472063279603	6070
Sample33	Sample24	0.251926496739775	0.0061640810504755	10122
Sample33	Sample22	0.251876436047996	0.003396072344946	39170
Sample33	Sample25	0.258758970029548	0.0115299492771889	2369
Sample33	Sample31	0.259062103929024	0.0090831958494117	3945
Sample33	Sample18	0.251940896568996	0.0091079909224293	3993
Sample14	Sample9	0.267536287486412	0.0037539947513949	46917
Sample14	Sample11	0.269759501632274	0.003059162306131	66778
Sample14	Sample53	0.271985578641471	0.0036079076931961	64349
Sample14	Sample46	0.268464757209121	0.003296871856175	61658
Sample14	Sample55	0.274976061283115	0.0034753004306626	43862
Sample14	Sample34	0.271271413133979	0.003445710031414	56449
Sample14	Sample5	0.27824678093289	0.0046563725921209	23454
Sample14	Sample39	0.277773285899094	0.0039391856264725	49472
Sample14	Sample49	0.276572399391215	0.0044821257405393	28253
Sample14	Sample56	0.277776814959879	0.0034209725664928	57701
Sample14	Sample20	0.272439849505201	0.0039009673765439	31629
Sample14	Sample36	0.276056718433491	0.0041536714817441	37025
Sample14	Sample37	0.270821842250414	0.0034227561419413	63455
Sample14	Sample41	0.273662659457189	0.0031242515666693	76196
Sample14	Sample28	0.281307574880244	0.0052971502935475	18997
Sample14	Sample2	0.281151653568795	0.0031677803647562	55607
Sample14	Sample29	0.283506814035841	0.003923415844258	37276
Sample14	Sample30	0.255275009752119	0.0037441207836173	56398
Sample14	Sample3	0.280172066137922	0.004118795064509	37195
Sample14	Sample8	0.279108095007271	0.006845508785675	10315
Sample14	Sample42	0.278861807800297	0.003742227156436	42383
Sample14	Sample35	0.278366553232863	0.003516204936406	51425
Sample14	Sample12	0.274034351441673	0.0056186935415628	12867
Sample14	Sample21	0.281021035216261	0.0054893422224498	12693
Sample14	Sample16	0.276749311294766	0.0054301366262589	18150
Sample14	Sample19	0.246196549664453	0.0034803428248073	56922
Sample14	Sample15	0.274036313950127	0.0042410942149275	38057
Sample14	Sample10	0.279288489061542	0.0032978534696898	58692
Sample14	Sample23	0.279817430703625	0.003351749897792	60032
Sample14	Sample44	0.276771144955126	0.003214507000007	58832
Sample14	Sample1	0.272448619902221	0.0035158637514019	65249
Sample14	Sample51	0.279637734402453	0.0031726405645997	62606
Sample14	Sample17	0.276823453474088	0.0036725090854684	48027
Sample14	Sample48	0.278912280701754	0.0043393352592544	28500
Sample14	Sample13	0.278700428225656	0.0031384811854765	53710
Sample14	Sample57	0.276401088878287	0.0044050139088386	35633
Sample14	Sample54	0.278166598051324	0.004367694969246	29148
Sample14	Sample7	0.273368760344978	0.0049015307211055	22958
Sample14	Sample58	0.278381489905372	0.0042316609775359	35613
Sample14	Sample27	0.282777735006544	0.0035757678073982	51956
Sample14	Sample45	0.258463832960477	0.00791384862071	6705
Sample14	Sample24	0.260922225105978	0.0058113259708832	11559
Sample14	Sample22	0.202370984090609	0.0034794938560874	45382
Sample14	Sample25	0.273442847364819	0.01108900226503	2922
Sample14	Sample31	0.266272189349112	0.0088482343716313	4563
Sample14	Sample18	0.261164021164021	0.0082680270845787	4725
Sample9	Sample11	0.264995404027743	0.0037668785423148	59835
Sample9	Sample53	0.270936804247303	0.0032928366545554	58390
Sample9	Sample46	0.267346395957088	0.0035082942262021	56395
Sample9	Sample55	0.277670908552826	0.0036371955924077	40548
Sample9	Sample34	0.272573669918536	0.0038737355146423	49715
Sample9	Sample5	0.276845165525649	0.0050421920490742	21326
Sample9	Sample39	0.283266704740149	0.0040229025836154	43775
Sample9	Sample49	0.275296689569019	0.0045926552190766	25616
Sample9	Sample56	0.274275078369906	0.0032853479138449	51040
Sample9	Sample20	0.270559610705596	0.0044462945889232	28770
Sample9	Sample36	0.276809550949396	0.0042069108588328	33337
Sample9	Sample37	0.2748388252149	0.0033675778264596	55840
Sample9	Sample41	0.27270272702727	0.003457645300206	66666
Sample9	Sample28	0.2743810298733	0.0062165389926485	17206
Sample9	Sample2	0.280920167896002	0.0037238005712983	49078
Sample9	Sample29	0.280300075018755	0.0045027929652218	33325
Sample9	Sample30	0.279581298534945	0.0033999820131244	49964
Sample9	Sample3	0.277034140472251	0.0045832288891583	33245
Sample9	Sample8	0.278915210633508	0.007195375215992	9329
Sample9	Sample42	0.278010361609713	0.0039984055891346	38218
Sample9	Sample35	0.275953297183838	0.0039658787088057	45736
Sample9	Sample12	0.275342465753425	0.0064241073445866	11680
Sample9	Sample21	0.274273318872017	0.0062330898544593	11525
Sample9	Sample16	0.277206016685951	0.0058848827307662	16421
Sample9	Sample19	0.277110350863235	0.0036993508669872	50276
Sample9	Sample15	0.27594070695553	0.004341202002258	34203
Sample9	Sample10	0.276614192951695	0.0038114604591459	51899
Sample9	Sample23	0.281265316894771	0.0033711075025447	53046
Sample9	Sample44	0.277002950304609	0.0036358389631563	52198
Sample9	Sample1	0.27503656243471	0.0035889304255235	57436
Sample9	Sample51	0.273622619566798	0.0035752983319365	55032
Sample9	Sample17	0.274666666666667	0.0038557306664679	42750
Sample9	Sample48	0.273377380489701	0.0044044505608634	25730
Sample9	Sample13	0.277025476245123	0.0037320905333484	47927
Sample9	Sample57	0.277581832807376	0.0042683475183422	32322
Sample9	Sample54	0.275956387949702	0.0044271740977832	26323
Sample9	Sample7	0.274840734049634	0.0050380823304615	21034
Sample9	Sample58	0.279191780394116	0.0047877969373467	32021
Sample9	Sample27	0.281239825486749	0.0035875873701555	46071
Sample9	Sample45	0.246535610699323	0.0081208573277996	6206
Sample9	Sample24	0.257115839243499	0.0061024523941818	10575
Sample9	Sample22	0.269955113192818	0.0035479318612347	40992
Sample9	Sample25	0.27183705444575	0.0115204314347692	2553
Sample9	Sample31	0.264797507788162	0.0091127923066765	4173
Sample9	Sample18	0.27177033492823	0.0090344456910412	4180
Sample11	Sample53	0.26727560718057	0.0034456569463522	94700
Sample11	Sample46	0.263074324324324	0.0035111317120308	88800
Sample11	Sample55	0.27410334127156	0.0033460121019706	55428
Sample11	Sample34	0.239933909506863	0.0031181639784418	78680
Sample11	Sample5	0.273438621679828	0.0046169621571808	27860
Sample11	Sample39	0.276526678839521	0.003629381623639	64077
Sample11	Sample49	0.255295783602578	0.0042104395371338	34603
Sample11	Sample56	0.270750963800515	0.0033930288122707	81189
Sample11	Sample20	0.276861674193887	0.0040601858966872	38084
Sample11	Sample36	0.278355253080071	0.0036959172652374	45697
Sample11	Sample37	0.253046207120442	0.0032236676340438	92410
Sample11	Sample41	0.265377983336825	0.0027944087290683	124106
Sample11	Sample28	0.272476985287791	0.0042995596553931	23246
Sample11	Sample2	0.243990045411396	0.0028351121187412	77954
Sample11	Sample29	0.276480118122347	0.0035013233586136	48763
Sample11	Sample30	0.275592508357879	0.0033154020921186	80463
Sample11	Sample3	0.26637564022216	0.0038062689330022	46273
Sample11	Sample8	0.273484736764489	0.0060893794178088	13562
Sample11	Sample42	0.27322545179688	0.0034139649369545	58212
Sample11	Sample35	0.271092441589106	0.0034289671797549	72846
Sample11	Sample12	0.269316975345051	0.0050839745345536	16954
Sample11	Sample21	0.276771108594438	0.0051935725798771	15894
Sample11	Sample16	0.253427034530626	0.0053724462945138	23052
Sample11	Sample19	0.27660306218633	0.003542384421412	78506
Sample11	Sample15	0.264542091784887	0.0035543716602339	49202
Sample11	Sample10	0.236905445526409	0.0034068038913367	81847
Sample11	Sample23	0.247649197961658	0.0038784776874904	84971
Sample11	Sample44	0.208207291352817	0.0026109154842815	82975
Sample11	Sample1	0.262962962962963	0.0034285154511628	97200
Sample11	Sample51	0.272752689615066	0.0028708947528288	89418
Sample11	Sample17	0.266834114579167	0.0034886933689121	62507
Sample11	Sample48	0.281458566068002	0.0037759112305955	34911
Sample11	Sample13	0.275784422790816	0.0034424143338764	74609
Sample11	Sample57	0.272622961671705	0.0041415744506216	45319
Sample11	Sample54	0.28011124172138	0.0039625268671831	34879
Sample11	Sample7	0.271935723639967	0.0043415638772435	28253
Sample11	Sample58	0.274560125274582	0.0039283999448993	45979
Sample11	Sample27	0.278153120358776	0.0036502803965166	68678
Sample11	Sample45	0.249130434782609	0.0066371860328245	9200
Sample11	Sample24	0.250044250398254	0.0045667915163133	16949
Sample11	Sample22	0.260322503549788	0.0033345302261417	71131
Sample11	Sample25	0.234521575984991	0.0077643480380639	5330
Sample11	Sample31	0.250960307298335	0.0062277548208668	8591
Sample11	Sample18	0.256733911867463	0.0066361209706366	8873
Sample53	Sample46	0.267938816391279	0.0032616649140946	86363
Sample53	Sample55	0.274151678101242	0.0031309882148082	53930
Sample53	Sample34	0.273888415321583	0.0033003170160676	72734
Sample53	Sample5	0.281583358732094	0.0045767505010127	26248
Sample53	Sample39	0.279921638829311	0.003093151376632	59213
Sample53	Sample49	0.277329982530877	0.0039070771213537	32629
Sample53	Sample56	0.270734156743573	0.0032044470984907	76673
Sample53	Sample20	0.273189326556544	0.0036515218693968	36202
Sample53	Sample36	0.28040650030094	0.0036498148127069	43198
Sample53	Sample37	0.270798688100517	0.0030234182550882	86592
Sample53	Sample41	0.266680881913941	0.0027747059713503	117245
Sample53	Sample28	0.281880403458213	0.0047750849157915	22208
Sample53	Sample2	0.273683775062743	0.003446708802012	72518
Sample53	Sample29	0.279457355818913	0.0033936315339326	45481
Sample53	Sample30	0.274775140875596	0.0032572157820382	73824
Sample53	Sample3	0.280691132637854	0.0040899952244705	42944
Sample53	Sample8	0.276577287066246	0.0064230095418072	12680
Sample53	Sample42	0.273817873094386	0.003299374862994	54182
Sample53	Sample35	0.275962843127022	0.0030329238273099	67067
Sample53	Sample12	0.276663344131572	0.0054660763498541	16052
Sample53	Sample21	0.278673113080849	0.0051946634582015	14892
Sample53	Sample16	0.274105263157895	0.0049604737016107	21375
Sample53	Sample19	0.276957718288717	0.0031814513600732	71946
Sample53	Sample15	0.281386038982346	0.0035632364798677	45713
Sample53	Sample10	0.276217278181915	0.0033942859080377	75332
Sample53	Sample23	0.272748167632863	0.0032290595512514	78314
Sample53	Sample44	0.277029591529572	0.0032342787731861	76407
Sample53	Sample1	0.267253373754284	0.0032955634023898	88403
Sample53	Sample51	0.275635787034214	0.0032888430386098	81985
Sample53	Sample17	0.280448466460916	0.0038479149556226	57351
Sample53	Sample48	0.280052477422504	0.0039289128282802	32776
Sample53	Sample13	0.275889793398515	0.0031988801539325	69651
Sample53	Sample57	0.275584073708457	0.0036837927415059	42546
Sample53	Sample54	0.285145324090964	0.003969032469938	32892
Sample53	Sample7	0.26877223872932	0.0045416403026132	27261
Sample53	Sample58	0.272234805146286	0.0039406855436685	42827
Sample53	Sample27	0.279756444725605	0.0033189654491692	63230
Sample53	Sample45	0.260165364140899	0.0067240490429074	8829
Sample53	Sample24	0.258277336591326	0.0048964186580834	16370
Sample53	Sample22	0.261656547141712	0.0029769404410003	69832
Sample53	Sample25	0.25551438150697	0.0075287457970663	5667
Sample53	Sample31	0.251269595937293	0.0060171395825567	9058
Sample53	Sample18	0.245689193531113	0.0061207052921171	9337
Sample46	Sample55	0.272149712092131	0.003325347390956	52100
Sample46	Sample34	0.271111432496927	0.003382390210051	69145
Sample46	Sample5	0.253189172370877	0.0047863384617407	25712
Sample46	Sample39	0.273968042609854	0.0036354955793379	57076
Sample46	Sample49	0.271904656808652	0.004386563357843	31717
Sample46	Sample56	0.276014626249093	0.0033234310543257	71652
Sample46	Sample20	0.24180421172453	0.0042755080943723	35140
Sample46	Sample36	0.274680270153758	0.0038050675419848	41754
Sample46	Sample37	0.269329737486701	0.0031656967895888	80834
Sample46	Sample41	0.264944559750192	0.002910368090478	106962
Sample46	Sample28	0.272372809696059	0.0047188120888561	21287
Sample46	Sample2	0.277594280765109	0.0033271348789353	68121
Sample46	Sample29	0.282355938484343	0.0038571780011276	43176
Sample46	Sample30	0.269021349763576	0.0036020041635045	69790
Sample46	Sample3	0.280126545872879	0.0042373103481996	41724
Sample46	Sample8	0.279664501274566	0.0064436319074689	12161
Sample46	Sample42	0.272140454571967	0.0034269960434759	51433
Sample46	Sample35	0.270570093310884	0.0034415486947915	63551
Sample46	Sample12	0.27420958441042	0.0057044789308363	15087
Sample46	Sample21	0.274846024636058	0.0054559451689401	14288
Sample46	Sample16	0.278445570842385	0.0052818562023463	20715
Sample46	Sample19	0.26690407040383	0.0033695846367367	68519
Sample46	Sample15	0.275892593685453	0.0038316368294773	44057
Sample46	Sample10	0.269227537530809	0.0034381236954674	71408
Sample46	Sample23	0.273624555980368	0.0032243734306369	73758
Sample46	Sample44	0.268218917015371	0.0032464212250141	72411
Sample46	Sample1	0.267249862001104	0.0034070831872038	83334
Sample46	Sample51	0.274694905404533	0.0035270107243597	77435
Sample46	Sample17	0.278055959367541	0.0040272575675126	55719
Sample46	Sample48	0.279174401409559	0.0040597233935584	31783
Sample46	Sample13	0.271154816706685	0.0032657429295597	65387
Sample46	Sample57	0.276194406680909	0.0038234591961828	41192
Sample46	Sample54	0.277627023486479	0.0039374461430354	32061
Sample46	Sample7	0.264945756713088	0.0046563092868728	25994
Sample46	Sample58	0.274930848740719	0.0041555662521909	41214
Sample46	Sample27	0.276443578224102	0.0032798959526232	60544
Sample46	Sample45	0.255908331343996	0.0066582110053861	8378
Sample46	Sample24	0.25733377881724	0.0059089580237318	14965
Sample46	Sample22	0.250724729014369	0.0032713139780171	63472
Sample46	Sample25	0.248063595597228	0.0086048491252603	4906
Sample46	Sample31	0.255220125786164	0.006860351229569	7950
Sample46	Sample18	0.245130877062399	0.0065884234979414	8061
Sample55	Sample34	0.277377966031994	0.0038287264582032	48634
Sample55	Sample5	0.280917897112762	0.0047004767090436	21266
Sample55	Sample39	0.28609551213626	0.0035229969311002	43094
Sample55	Sample49	0.271960258634285	0.0050663585035701	25364
Sample55	Sample56	0.277432670322333	0.0033519879698565	49421
Sample55	Sample20	0.275872938045039	0.0043956198356578	28553
Sample55	Sample36	0.283992546285165	0.004196769977262	33272
Sample55	Sample37	0.270836839644694	0.0034051858421629	53475
Sample55	Sample41	0.277976601242156	0.0033910974867649	62311
Sample55	Sample28	0.265445274516779	0.0052673120808973	16866
Sample55	Sample2	0.281008523024731	0.003683591836879	47753
Sample55	Sample29	0.283246185365257	0.0035851488747068	32703
Sample55	Sample30	0.283773900323895	0.0032917724698468	47855
Sample55	Sample3	0.276297927539292	0.0044871757013971	33149
Sample55	Sample8	0.27531681058652	0.0064485277950061	8917
Sample55	Sample42	0.276763973625893	0.004014270014972	36551
Sample55	Sample35	0.28880152654206	0.004046669153574	43497
Sample55	Sample12	0.274360808153049	0.006641243755419	11186
Sample55	Sample21	0.275754607782032	0.006273332093941	11231
Sample55	Sample16	0.281329597554763	0.005543868751322	15704
Sample55	Sample19	0.279487704918033	0.0032952211380143	48800
Sample55	Sample15	0.283927454659162	0.0041436877017193	33579
Sample55	Sample10	0.280236283540248	0.0036445227374479	49940
Sample55	Sample23	0.281764809833297	0.0033974334578599	50929
Sample55	Sample44	0.27710602178091	0.0035923201776644	49952
Sample55	Sample1	0.275941357173077	0.0036093386808268	54363
Sample55	Sample51	0.282951547702644	0.0036695982418379	52691
Sample55	Sample17	0.274917931395404	0.0041658597413157	42038
Sample55	Sample48	0.280850055300995	0.004728657217608	25316
Sample55	Sample13	0.284578176747429	0.0036484505575579	45896
Sample55	Sample57	0.278934300993125	0.0041601001639969	31416
Sample55	Sample54	0.274647887323944	0.0045416252182343	26270
Sample55	Sample7	0.282135182652862	0.0051615798634308	20476
Sample55	Sample58	0.280684330247012	0.0046101567036947	31213
Sample55	Sample27	0.280364507117201	0.0036141908296167	45102
Sample55	Sample45	0.255077030812325	0.0084027967553102	5712
Sample55	Sample24	0.249240440020953	0.0063405828113402	9545
Sample55	Sample22	0.27482083903696	0.0035422350276119	37257
Sample55	Sample25	0.26429199648197	0.012192533917253	2274
Sample55	Sample31	0.272979727853374	0.0095185368465891	3601
Sample55	Sample18	0.261637239165329	0.0094021221231273	3738
Sample34	Sample5	0.278839627022972	0.0047241663022554	27991
Sample34	Sample39	0.280715322937054	0.0035858766780219	63356
Sample34	Sample49	0.211381156946978	0.0040093103796818	33986
Sample34	Sample56	0.276543977507738	0.003520398261555	73981
Sample34	Sample20	0.272493026962412	0.0038690027034764	37645
Sample34	Sample36	0.280138207757468	0.0041629739320654	44860
Sample34	Sample37	0.259838673164222	0.0033641853217888	83929
Sample34	Sample41	0.27043662242739	0.0028213613912546	103980
Sample34	Sample28	0.280418376803919	0.0047921233816695	22659
Sample34	Sample2	0.26262776485858	0.0031894016200275	73964
Sample34	Sample29	0.28887173880421	0.0034346018626974	46647
Sample34	Sample30	0.280630785053137	0.0034677495789933	72925
Sample34	Sample3	0.259402952904408	0.0036718591103526	46395
Sample34	Sample8	0.266115437103637	0.006466878318945	12457
Sample34	Sample42	0.275290025419032	0.0034413778639759	52323
Sample34	Sample35	0.277798729804342	0.0036859467472498	66289
Sample34	Sample12	0.254646719772036	0.0049849904600309	15441
Sample34	Sample21	0.27173128649216	0.0052315941247335	15243
Sample34	Sample16	0.270827630258235	0.0050291736599836	21918
Sample34	Sample19	0.276668725604868	0.0029211478555178	76091
Sample34	Sample15	0.270281693117221	0.0037024142535921	47321
Sample34	Sample10	0.251793056041918	0.0031175269917255	77103
Sample34	Sample23	0.260123272791573	0.003699785839445	79174
Sample34	Sample44	0.21608945653038	0.0035281115993606	75478
Sample34	Sample1	0.264283274507571	0.0034136183518823	87830
Sample34	Sample51	0.270070817139178	0.0029959328113502	83878
Sample34	Sample17	0.257631198061505	0.0036148682307209	61491
Sample34	Sample48	0.282425800420659	0.0039651387306347	34232
Sample34	Sample13	0.278400260505321	0.0030666138284553	67561
Sample34	Sample57	0.271636655039125	0.0040088066384895	42428
Sample34	Sample54	0.279244202691096	0.0041936345750207	34930
Sample34	Sample7	0.280407976861014	0.0043032360432527	26276
Sample34	Sample58	0.263696045016813	0.0039901185609311	43717
Sample34	Sample27	0.28035643037638	0.0033447572918009	67671
Sample34	Sample45	0.261067116707776	0.0066939432973688	7703
Sample34	Sample24	0.253611913758613	0.0053638610714538	13497
Sample34	Sample22	0.264667804942117	0.0033097644671633	53297
Sample34	Sample25	0.242521994134897	0.0096163244332458	3410
Sample34	Sample31	0.260644205849685	0.0078698316732824	5402
Sample34	Sample18	0.252363117531657	0.0080129086644483	5607
Sample5	Sample39	0.275663340295506	0.0051934821939295	25854
Sample5	Sample49	0.263444650983911	0.0060006642563166	15601
Sample5	Sample56	0.285383334539926	0.0048075470877008	27626
Sample5	Sample20	0.275831873905429	0.0055286128483148	18272
Sample5	Sample36	0.27811249819251	0.0050188772228925	20747
Sample5	Sample37	0.275480389123784	0.004515908368057	29091
Sample5	Sample41	0.282566158781075	0.0037858778800769	31175
Sample5	Sample28	0.277458337394016	0.0060038152172677	10261
Sample5	Sample2	0.284873238400118	0.0044943581159251	27177
Sample5	Sample29	0.281741296113734	0.0052505734828239	19273
Sample5	Sample30	0.244822152183701	0.0046937722932691	26652
Sample5	Sample3	0.279917797744217	0.0052204082315341	20924
Sample5	Sample8	0.276252639662123	0.0086504453633949	5209
Sample5	Sample42	0.284346151947475	0.0055908895683185	20257
Sample5	Sample35	0.281948019596446	0.0051899969232704	24086
Sample5	Sample12	0.267516926468273	0.0083010121803285	6351
Sample5	Sample21	0.274436090225564	0.0073330917472033	6916
Sample5	Sample16	0.262821854720536	0.0065397845107521	9554
Sample5	Sample19	0.253930510700217	0.0045699764068765	28177
Sample5	Sample15	0.281382015691008	0.0054056983216036	19884
Sample5	Sample10	0.279050880971717	0.0049333102365566	28321
Sample5	Sample23	0.277100413425829	0.0047793255070996	28542
Sample5	Sample44	0.279227782571182	0.004745878168154	27816
Sample5	Sample1	0.282341895245121	0.0047405087602952	29822
Sample5	Sample51	0.284318414759139	0.0044153337203584	29270
Sample5	Sample17	0.280575539568345	0.0051975308229385	25437
Sample5	Sample48	0.284574128463798	0.005575744758003	15662
Sample5	Sample13	0.2801903862796	0.0048140657959565	25422
Sample5	Sample57	0.281603288797533	0.0055339074857897	18487
Sample5	Sample54	0.277483209614705	0.0054569476114398	16974
Sample5	Sample7	0.253060567010309	0.0060213435637232	12416
Sample5	Sample58	0.278786895880636	0.0052371675923304	18498
Sample5	Sample27	0.285666418466121	0.0048517400470537	26860
Sample5	Sample45	0.256315465187924	0.0113396074617194	3246
Sample5	Sample24	0.273399014778325	0.0085353300438031	5278
Sample5	Sample22	0.213645723189938	0.0044362438963897	17969
Sample5	Sample25	0.271668822768435	0.0194142692488283	773
Sample5	Sample31	0.271146245059289	0.0154492386917898	1265
Sample5	Sample18	0.270817120622568	0.0159038607240111	1285
Sample39	Sample49	0.287627925167851	0.00432027450112	30682
Sample39	Sample56	0.27960769206074	0.0035026214551909	62298
Sample39	Sample20	0.279310542617873	0.0038459922745306	34868
Sample39	Sample36	0.28479667847112	0.0036854386626035	40945
Sample39	Sample37	0.279734949869066	0.0033629478271694	69119
Sample39	Sample41	0.279954966351262	0.0032847249818079	79052
Sample39	Sample28	0.283071002121676	0.004875126215051	20267
Sample39	Sample2	0.281273546339196	0.0034750374069226	62377
Sample39	Sample29	0.284712344891853	0.0037257309138088	40778
Sample39	Sample30	0.282216452492852	0.0036448887293019	60854
Sample39	Sample3	0.287847090148345	0.0041915564476231	42064
Sample39	Sample8	0.29020979020979	0.0066807037173361	10868
Sample39	Sample42	0.284104202285611	0.003929308514879	44452
Sample39	Sample35	0.282913825620194	0.0039377568035668	55144
Sample39	Sample12	0.279349205164565	0.0062424409852028	13399
Sample39	Sample21	0.278869507617576	0.0055165844458281	13587
Sample39	Sample16	0.277538240427061	0.0052428199251449	19482
Sample39	Sample19	0.280719250065205	0.0032595403244619	65179
Sample39	Sample15	0.289364045589503	0.0035835427858603	41764
Sample39	Sample10	0.277865877832332	0.0036088676024888	65582
Sample39	Sample23	0.281988137247541	0.0036439206053964	66595
Sample39	Sample44	0.284712261399997	0.0037413548532973	63443
Sample39	Sample1	0.27887873927899	0.0038260332490367	71705
Sample39	Sample51	0.283080955569168	0.003465614727656	70199
Sample39	Sample17	0.285375624816231	0.0040061197415708	54416
Sample39	Sample48	0.283779000547028	0.0043011672416093	31077
Sample39	Sample13	0.28015774687211	0.0033458928321701	57307
Sample39	Sample57	0.283616118769883	0.0040354814186731	37720
Sample39	Sample54	0.287536982248521	0.0041716424705886	32448
Sample39	Sample7	0.276391393700457	0.004434295049117	23843
Sample39	Sample58	0.282873186710342	0.0045413360581135	38466
Sample39	Sample27	0.27936017724366	0.0034756479977746	59579
Sample39	Sample45	0.270952749806352	0.0076158003849666	6455
Sample39	Sample24	0.272743666035524	0.0063309821238384	11091
Sample39	Sample22	0.267861432758372	0.0037423282441589	41626
Sample39	Sample25	0.28365160689334	0.0116467267252414	2147
Sample39	Sample31	0.265348288075561	0.0099201762944263	3388
Sample39	Sample18	0.271313524021105	0.009409206934286	3601
Sample49	Sample56	0.278352969177675	0.0039867187649047	33612
Sample49	Sample20	0.269447250685525	0.0050405266012653	20787
Sample49	Sample36	0.278690585966971	0.0047381916651747	23858
Sample49	Sample37	0.258257592551541	0.0041738157329164	36088
Sample49	Sample41	0.279712909054407	0.0039086744899696	39848
Sample49	Sample28	0.269201775693107	0.0060198465149813	11939
Sample49	Sample2	0.276154656235896	0.0039808415634291	33235
Sample49	Sample29	0.286442228125953	0.0049587613365069	22961
Sample49	Sample30	0.279134447874324	0.0044831542685207	32719
Sample49	Sample3	0.238334649104583	0.0048217041674307	24067
Sample49	Sample8	0.271526340919943	0.0079674526436958	6283
Sample49	Sample42	0.27311401020987	0.0048978981382424	24682
Sample49	Sample35	0.282323948416717	0.0051118377770147	29622
Sample49	Sample12	0.240020736132711	0.0071542598469572	7716
Sample49	Sample21	0.276853252647504	0.0073831182704906	7932
Sample49	Sample16	0.270323212536729	0.0065066251576304	11231
Sample49	Sample19	0.279470391386585	0.0044758772503983	34365
Sample49	Sample15	0.272635518735018	0.0050013093568249	23779
Sample49	Sample10	0.239368445315201	0.003868054473892	34708
Sample49	Sample23	0.260700611463512	0.003999525354947	34998
Sample49	Sample44	0.216603221083455	0.0034386570806571	34150
Sample49	Sample1	0.25816674792784	0.0044436129014637	36918
Sample49	Sample51	0.272641822404069	0.0043540526924517	36172
Sample49	Sample17	0.241629890168232	0.0050551450695729	30137
Sample49	Sample48	0.283146810739291	0.0051675163842238	18139
Sample49	Sample13	0.283509970041555	0.0041001123558001	31043
Sample49	Sample57	0.259033940170158	0.0049433697984804	21862
Sample49	Sample54	0.278141875950296	0.0055570140905028	19073
Sample49	Sample7	0.272001680319261	0.0063620664796493	14283
Sample49	Sample58	0.253284671532847	0.0056279964708345	21920
Sample49	Sample27	0.282599201397554	0.0038354308434157	32056
Sample49	Sample45	0.267594537815126	0.0103986391031662	3808
Sample49	Sample24	0.260042283298097	0.0082758564585859	6149
Sample49	Sample22	0.267836945211057	0.0045589744442037	22103
Sample49	Sample25	0.256781193490054	0.0156132928366669	1106
Sample49	Sample31	0.274086378737542	0.0137687601031157	1806
Sample49	Sample18	0.276497695852535	0.0136964593103181	1736
Sample56	Sample20	0.284973954855082	0.0039615415829254	37435
Sample56	Sample36	0.289292479108635	0.0039010796803191	44875
Sample56	Sample37	0.267623882495671	0.0027184311646955	84899
Sample56	Sample41	0.273423252455496	0.0030656193615471	108023
Sample56	Sample28	0.280001765458799	0.004595976777714	22657
Sample56	Sample2	0.276765851882811	0.0033514870604773	74171
Sample56	Sample29	0.281020883654319	0.0037927735339497	46783
Sample56	Sample30	0.283166368270716	0.0030314096172007	73169
Sample56	Sample3	0.281642639862452	0.0039673005399864	45366
Sample56	Sample8	0.277834766827113	0.0055339877546587	12673
Sample56	Sample42	0.282779992819486	0.0038581823487946	52921
Sample56	Sample35	0.279446491689855	0.0038344632812379	66485
Sample56	Sample12	0.268743232052997	0.0055253515603922	15699
Sample56	Sample21	0.285629843688428	0.0052960548995516	15226
Sample56	Sample16	0.277516548733166	0.0048781990348882	21905
Sample56	Sample19	0.282654761111481	0.0033925580670821	75035
Sample56	Sample15	0.280770625760065	0.0035553696918506	46871
Sample56	Sample10	0.276833886698485	0.0033564591828213	77104
Sample56	Sample23	0.276558782431361	0.0029710065513169	79437
Sample56	Sample44	0.275947972937536	0.0033666445513407	76268
Sample56	Sample1	0.273344342577302	0.0034269392635147	87805
Sample56	Sample51	0.277694834278889	0.0031895360689687	83725
Sample56	Sample17	0.279969500066304	0.0035637039429688	60328
Sample56	Sample48	0.281437477943771	0.0041315488397425	34004
Sample56	Sample13	0.279472286273022	0.0034330132916852	68522
Sample56	Sample57	0.274604817463304	0.003869424525183	42512
Sample56	Sample54	0.275506947869223	0.004165739038486	34471
Sample56	Sample7	0.277913396176813	0.0047166188750845	26627
Sample56	Sample58	0.277147786083956	0.0044643553025299	43475
Sample56	Sample27	0.283992625125538	0.0034812435593649	66713
Sample56	Sample45	0.248003992015968	0.0066703830859991	8016
Sample56	Sample24	0.256918106475629	0.0054140226093033	14238
Sample56	Sample22	0.266458663784839	0.0032550630862074	57371
Sample56	Sample25	0.265893037336024	0.0091442120807646	3964
Sample56	Sample31	0.259000620732464	0.007521645502158	6444
Sample56	Sample18	0.24267150196434	0.0067434844117556	6618
Sample20	Sample36	0.275727669312737	0.0046349097631569	27966
Sample20	Sample37	0.275216681321442	0.0039679133877224	39805
Sample20	Sample41	0.277688864147705	0.0037492309621881	43113
Sample20	Sample28	0.263673890608875	0.0060388195425983	13566
Sample20	Sample2	0.279711688098943	0.0035898431864294	36627
Sample20	Sample29	0.287017543859649	0.004250782108059	25650
Sample20	Sample30	0.284117515888059	0.004318053291863	35876
Sample20	Sample3	0.278399542317732	0.0042277990084448	27967
Sample20	Sample8	0.280228638428844	0.0082544955541417	6823
Sample20	Sample42	0.280401154614758	0.0043816876682284	27022
Sample20	Sample35	0.285068429955405	0.0046866434105215	32515
Sample20	Sample12	0.280298542826679	0.0069326458078327	8441
Sample20	Sample21	0.275988857938719	0.0069119870569925	8975
Sample20	Sample16	0.275682182985554	0.0061168826387221	12460
Sample20	Sample19	0.279043459960013	0.0038887994587249	38012
Sample20	Sample15	0.276876153179953	0.0042887892227569	26557
Sample20	Sample10	0.282021182240309	0.0038403172463502	38334
Sample20	Sample23	0.278792898183136	0.0038380340437405	38638
Sample20	Sample44	0.276399338349074	0.0037369759112087	37482
Sample20	Sample1	0.277762565034478	0.0039690212968999	40171
Sample20	Sample51	0.279309300212057	0.0035633223940528	39612
Sample20	Sample17	0.269964435822826	0.0044614605926718	34023
Sample20	Sample48	0.280088368072231	0.0048379919611351	20822
Sample20	Sample13	0.280442483014924	0.0038709560277804	34442
Sample20	Sample57	0.281653957509277	0.005386896470127	24523
Sample20	Sample54	0.281586852800848	0.0047521649898327	22636
Sample20	Sample7	0.272760445174238	0.0056585218647518	16443
Sample20	Sample58	0.277725621453937	0.0044969641061062	24499
Sample20	Sample27	0.279833116901058	0.0037831207062346	36193
Sample20	Sample45	0.26092959042798	0.0096540144778441	4346
Sample20	Sample24	0.257761321560809	0.0073779177859681	7022
Sample20	Sample22	0.272525072791977	0.0046824470673464	24728
Sample20	Sample25	0.293103448275862	0.01629167206603	1102
Sample20	Sample31	0.290255341323606	0.0133108777039257	1919
Sample20	Sample18	0.281380753138075	0.0129507117892808	1912
Sample36	Sample37	0.283737676093191	0.0036573404017259	47773
Sample36	Sample41	0.281454380011753	0.0037855641169894	52751
Sample36	Sample28	0.282691194442658	0.0057932974495783	15547
Sample36	Sample2	0.279114226541341	0.0039051459531898	43939
Sample36	Sample29	0.294617751166099	0.0040085443604293	30229
Sample36	Sample30	0.291023188541035	0.003691959730817	42866
Sample36	Sample3	0.286844064011909	0.0046017200086014	32244
Sample36	Sample8	0.276674478845442	0.0073036424790161	8107
Sample36	Sample42	0.285891742492469	0.0043887546425743	32201
Sample36	Sample35	0.283218130893954	0.0041321498664806	38917
Sample36	Sample12	0.284698954208549	0.0069334749725811	9849
Sample36	Sample21	0.283563362609787	0.0068895732723486	10361
Sample36	Sample16	0.278641375059919	0.0059890037566564	14603
Sample36	Sample19	0.280819802329686	0.0033503411015759	45328
Sample36	Sample15	0.285433007327071	0.0045938044278021	30981
Sample36	Sample10	0.282881070561739	0.0040238122939047	45733
Sample36	Sample23	0.281535965386696	0.0037708626630415	46225
Sample36	Sample44	0.283087334980743	0.0037310854031394	44919
Sample36	Sample1	0.282438166200973	0.0041624625661188	48315
Sample36	Sample51	0.28542012480827	0.00381221442698	47593
Sample36	Sample17	0.280966918572644	0.0046284511773667	39962
Sample36	Sample48	0.282606887373149	0.0044006355846636	24044
Sample36	Sample13	0.2812790072793	0.0039402450049506	40938
Sample36	Sample57	0.282238357885918	0.0042832649135568	28646
Sample36	Sample54	0.280456902265019	0.0043367062242517	25651
Sample36	Sample7	0.277418671187878	0.0049181065113245	18874
Sample36	Sample58	0.283853621062923	0.0045691891870359	28638
Sample36	Sample27	0.2822120333115	0.0034771323186343	42748
Sample36	Sample45	0.260498960498961	0.0092743023179793	4810
Sample36	Sample24	0.271975957926371	0.0070414870722522	7986
Sample36	Sample22	0.273166221491679	0.0040177859895042	29202
Sample36	Sample25	0.264276228419655	0.0144817627433097	1506
Sample36	Sample31	0.280149191877331	0.0121814579368389	2413
Sample36	Sample18	0.27037037037037	0.011603622774444	2430
Sample37	Sample41	0.270268174875759	0.0028578764580887	128983
Sample37	Sample28	0.276472043542801	0.004522367303316	24252
Sample37	Sample2	0.26660419212109	0.0034117098761498	84301
Sample37	Sample29	0.280638426567287	0.0036371841783149	51251
Sample37	Sample30	0.275540310393629	0.0031619451663481	83378
Sample37	Sample3	0.270381984036488	0.0039150388287804	49112
Sample37	Sample8	0.266176682519095	0.0057347833605964	13878
Sample37	Sample42	0.277131586932335	0.0037094759545816	59322
Sample37	Sample35	0.275097903105395	0.0036278939995153	76351
Sample37	Sample12	0.264576300280369	0.0052468944185606	17477
Sample37	Sample21	0.277002646139043	0.0048452478978117	16628
Sample37	Sample16	0.271994991652755	0.0046681183134768	23960
Sample37	Sample19	0.275012726178907	0.0030558105868211	86436
Sample37	Sample15	0.269728180902966	0.0036926187156037	51652
Sample37	Sample10	0.259926778006283	0.003343787905071	88498
Sample37	Sample23	0.270839487532959	0.0027225221646838	91401
Sample37	Sample44	0.245251292993483	0.0037623267297268	86234
Sample37	Sample1	0.270902623130983	0.0035027197286415	103731
Sample37	Sample51	0.272898131786192	0.0033737755780415	97901
Sample37	Sample17	0.272723182145428	0.0033437169696815	66672
Sample37	Sample48	0.28393951777687	0.0038984062739751	36705
Sample37	Sample13	0.278299764784514	0.0033575480806147	77801
Sample37	Sample57	0.263675463053016	0.0036009248247557	46269
Sample37	Sample54	0.280460019529131	0.0038977158305522	36868
Sample37	Sample7	0.272686057055172	0.004491860810658	28674
Sample37	Sample58	0.271195289007685	0.004053829268728	47888
Sample37	Sample27	0.276768732084974	0.0035654404960528	74658
Sample37	Sample45	0.25876129601058	0.0060820138512547	9074
Sample37	Sample24	0.259123418301852	0.0049386772397824	16359
Sample37	Sample22	0.264314267238845	0.0031727963962376	68044
Sample37	Sample25	0.255328128297109	0.0079838228543078	4739
Sample37	Sample31	0.263116984065293	0.0066052867468697	7719
Sample37	Sample18	0.25499620541361	0.0059771282853903	7906
Sample41	Sample28	0.27837916910474	0.0045303659238416	27344
Sample41	Sample2	0.274702608007686	0.0025447947965923	106173
Sample41	Sample29	0.283991518685396	0.0032803511029174	60368
Sample41	Sample30	0.269002556128711	0.0032532422324683	108367
Sample41	Sample3	0.28151314937168	0.0034017436341799	54033
Sample41	Sample8	0.278812161206693	0.0053052423467582	16972
Sample41	Sample42	0.267737097249377	0.0029623285072587	74674
Sample41	Sample35	0.268482568347128	0.0029944043751097	99675
Sample41	Sample12	0.280144638635205	0.0045111305536971	21571
Sample41	Sample21	0.279315233944231	0.004585540172631	19043
Sample41	Sample16	0.277298338206975	0.0040923878255769	28042
Sample41	Sample19	0.272469018112488	0.0026985075944463	104900
Sample41	Sample15	0.279237111684851	0.0032154377020784	60035
Sample41	Sample10	0.276737688058031	0.0027916572565852	109873
Sample41	Sample23	0.269545670686898	0.0029155158601136	115665
Sample41	Sample44	0.270356837154507	0.002674245130544	108649
Sample41	Sample1	0.26502788533267	0.0027412649023419	140755
Sample41	Sample51	0.27262679992685	0.0026321975083706	125769
Sample41	Sample17	0.275174463516504	0.003490832298768	76377
Sample41	Sample48	0.280908532842235	0.0037446782944353	40725
Sample41	Sample13	0.271765646460712	0.0028707717681659	97562
Sample41	Sample57	0.277865546530863	0.003929209124396	53803
Sample41	Sample54	0.284650340823025	0.0036719066507816	39610
Sample41	Sample7	0.275231852097997	0.0040542087433704	33103
Sample41	Sample58	0.271721427559836	0.0032228696247936	56488
Sample41	Sample27	0.276577957363801	0.0028896234076335	86124
Sample41	Sample45	0.25208586472256	0.0053117386780964	12345
Sample41	Sample24	0.258026608469383	0.0041865925239017	23827
Sample41	Sample22	0.259882496610479	0.0026405432448515	103997
Sample41	Sample25	0.256714335542379	0.0064385827598579	8601
Sample41	Sample31	0.249872958257713	0.0047937511850485	13775
Sample41	Sample18	0.251043696075703	0.0051002109904602	14372
Sample28	Sample2	0.283960573476703	0.0045280029805907	22320
Sample28	Sample29	0.289153524299968	0.0055174417819788	15535
Sample28	Sample30	0.286883372194029	0.0050690809830507	21873
Sample28	Sample3	0.284422942262397	0.0055481371574567	15709
Sample28	Sample8	0.272427595950082	0.0102096151352308	4247
Sample28	Sample42	0.277628675374247	0.0057756551360775	16767
Sample28	Sample35	0.287840199750312	0.0052347132395658	20025
Sample28	Sample12	0.267214996174445	0.0091527440325799	5228
Sample28	Sample21	0.276827663972937	0.0086922883466964	5321
Sample28	Sample16	0.273474801061008	0.0071743993840278	7540
Sample28	Sample19	0.284288627587105	0.0046569442959826	23047
Sample28	Sample15	0.281611740148017	0.0056328363563743	15809
Sample28	Sample10	0.279675215878335	0.0045593795790408	23277
Sample28	Sample23	0.280025391451545	0.0045099181383307	23630
Sample28	Sample44	0.278310522186383	0.0047225774555621	22942
Sample28	Sample1	0.280382852087187	0.0045702505589473	24866
Sample28	Sample51	0.280895645028759	0.0042772571421623	24340
Sample28	Sample17	0.274533596238435	0.0052950827112964	19779
Sample28	Sample48	0.285211857310333	0.0062223902051859	11942
Sample28	Sample13	0.287741502468958	0.0045945719344801	20859
Sample28	Sample57	0.280206896551724	0.005526578994778	14500
Sample28	Sample54	0.278267842822775	0.0060386975021984	12470
Sample28	Sample7	0.279173764906303	0.0065557042798813	9392
Sample28	Sample58	0.281166563976176	0.0060356174512046	14607
Sample28	Sample27	0.287371436622364	0.0045789324247737	21293
Sample28	Sample45	0.268459069020867	0.0119620918869404	2492
Sample28	Sample24	0.234109655507035	0.0089516609350052	4122
Sample28	Sample22	0.273379860418744	0.0054237906440611	15045
Sample28	Sample25	0.265664160401003	0.0184933426216852	798
Sample28	Sample31	0.290023201856149	0.0160405999383872	1293
Sample28	Sample18	0.296267496111975	0.0158514478579216	1286
Sample2	Sample29	0.284013932517042	0.0032185284791462	46797
Sample2	Sample30	0.284991867918597	0.0033170990018386	73167
Sample2	Sample3	0.282776235424764	0.0039340854042951	45025
Sample2	Sample8	0.277308917197452	0.0061427430104137	12560
Sample2	Sample42	0.281883947025951	0.00321505004687	52252
Sample2	Sample35	0.281896124566435	0.0036859116513085	66599
Sample2	Sample12	0.277342747111682	0.005009385140029	15580
Sample2	Sample21	0.282489648724456	0.0051619622262308	14974
Sample2	Sample16	0.211001982754646	0.005076411673404	21687
Sample2	Sample19	0.281094202709405	0.0029885743054245	76622
Sample2	Sample15	0.280410252018072	0.0035692026722568	46703
Sample2	Sample10	0.249543337878515	0.0030234444141712	77738
Sample2	Sample23	0.260753630445669	0.0034239274382763	79880
Sample2	Sample44	0.244944591935122	0.003065380175375	75711
Sample2	Sample1	0.272600128579646	0.0032471657779532	88661
Sample2	Sample51	0.281066967751041	0.0026934925851021	85026
Sample2	Sample17	0.280322778820131	0.0035029396732831	60227
Sample2	Sample48	0.283527523481156	0.0037678979206332	33644
Sample2	Sample13	0.281051997118622	0.0031128112314213	68023
Sample2	Sample57	0.280445989689486	0.0041168459377022	41705
Sample2	Sample54	0.287693801300344	0.0039713858784116	33991
Sample2	Sample7	0.280971316063776	0.0041482255342355	25903
Sample2	Sample58	0.28448275862069	0.0035982674802094	42920
Sample2	Sample27	0.284102809610724	0.0032395254528988	66842
Sample2	Sample45	0.262341137123746	0.0068302296828109	7475
Sample2	Sample24	0.264560192134494	0.0054665491501134	13324
Sample2	Sample22	0.271690306227052	0.0036493447470445	53653
Sample2	Sample25	0.269127716582316	0.0097445152295391	3359
Sample2	Sample31	0.260694698354662	0.0076261454319011	5470
Sample2	Sample18	0.26671261199173	0.0079635760421468	5804
Sample29	Sample30	0.265999737888253	0.0037602119229836	45782
Sample29	Sample3	0.285583792777216	0.0044312962708206	30653
Sample29	Sample8	0.274929111531191	0.0069449552335777	8464
Sample29	Sample42	0.2810598452177	0.0040593059417033	33854
Sample29	Sample35	0.289079383374154	0.0041739190536403	41646
Sample29	Sample12	0.281996086105675	0.0064290450726884	10220
Sample29	Sample21	0.278209361040979	0.0061755912724068	10298
Sample29	Sample16	0.276887403669099	0.0054319684481095	14663
Sample29	Sample19	0.286535577403766	0.0034293871685595	48008
Sample29	Sample15	0.278028060239413	0.0044533464480571	31076
Sample29	Sample10	0.289034564958284	0.0034438897200287	48662
Sample29	Sample23	0.281950014177502	0.0035092984298555	49374
Sample29	Sample44	0.286970507143454	0.0034792828025861	47876
Sample29	Sample1	0.283146994822541	0.0034865735154252	53308
Sample29	Sample51	0.282520638839596	0.0033742341073433	51844
Sample29	Sample17	0.286266289524194	0.004146743264863	39596
Sample29	Sample48	0.282179498232606	0.0045742360936166	23198
Sample29	Sample13	0.285773672055427	0.0034704811022733	43300
Sample29	Sample57	0.279390011974361	0.0041933303813234	28394
Sample29	Sample54	0.283198577657368	0.0049349599375478	23623
Sample29	Sample7	0.282979077640269	0.0047099442611007	18019
Sample29	Sample58	0.279409197248507	0.0044449090159573	28639
Sample29	Sample27	0.284787694873636	0.0034972735848116	43169
Sample29	Sample45	0.264537264537265	0.0089748012445872	4884
Sample29	Sample24	0.269272926561929	0.0066801724284121	8211
Sample29	Sample22	0.276638494657949	0.0035530910095574	31355
Sample29	Sample25	0.28872437357631	0.0141370655702677	1756
Sample29	Sample31	0.276522929500342	0.010678094219934	2922
Sample29	Sample18	0.25704584040747	0.0110652601290443	2945
Sample30	Sample3	0.279623326525981	0.0040351677793013	44070
Sample30	Sample8	0.285397353616988	0.0057537174095469	12621
Sample30	Sample42	0.27821635507885	0.0038226875694169	53329
Sample30	Sample35	0.279312986094744	0.0034846950210313	67888
Sample30	Sample12	0.265965534718703	0.0057461545997131	15784
Sample30	Sample21	0.282058171559078	0.0056574350639388	14887
Sample30	Sample16	0.285714285714286	0.0049342668250295	21756
Sample30	Sample19	0.269494063536207	0.0035598498468442	74792
Sample30	Sample15	0.281351695006573	0.0040418587725877	46401
Sample30	Sample10	0.281094041150333	0.0036177200179215	76743
Sample30	Sample23	0.278442999961987	0.0027510280786255	78921
Sample30	Sample44	0.27972779839249	0.0035367698470735	76267
Sample30	Sample1	0.275059151316808	0.0031541984688204	90446
Sample30	Sample51	0.279318227581224	0.0032839400897673	84427
Sample30	Sample17	0.282645324347094	0.0037473863458957	59350
Sample30	Sample48	0.282631690289824	0.0042862080034148	33089
Sample30	Sample13	0.278463247763289	0.0036184160592899	68404
Sample30	Sample57	0.280524891645315	0.004199998874153	41761
Sample30	Sample54	0.287563986750979	0.0037964278390079	33210
Sample30	Sample7	0.270192418481392	0.0046316476459673	26037
Sample30	Sample58	0.27262443438914	0.0043752025463303	43316
Sample30	Sample27	0.285130270303252	0.0034554309056497	65556
Sample30	Sample45	0.268765133171913	0.0072309103068935	7847
Sample30	Sample24	0.261488581900197	0.0051521070215641	14188
Sample30	Sample22	0.228887523048556	0.0032023849996139	56945
Sample30	Sample25	0.260810071154899	0.0096401952813138	3654
Sample30	Sample31	0.263351427070566	0.0075330570142615	5711
Sample30	Sample18	0.255599247734656	0.0078053737863179	5849
Sample3	Sample8	0.271042751604699	0.0072906252145315	8257
Sample3	Sample42	0.281834548838912	0.004481136910465	32771
Sample3	Sample35	0.282035853077598	0.0045836083156512	39885
Sample3	Sample12	0.23910648101773	0.0067842458603355	9983
Sample3	Sample21	0.260596247261644	0.0059154925131384	10499
Sample3	Sample16	0.283256651330266	0.0060642100754922	14997
Sample3	Sample19	0.285565719379417	0.0037540077083439	47117
Sample3	Sample15	0.276873169348997	0.0044221168535194	31751
Sample3	Sample10	0.26950459490863	0.0036487228552527	47335
Sample3	Sample23	0.280940645754146	0.0037552847305602	47882
Sample3	Sample44	0.266088732455569	0.0039361892994822	46026
Sample3	Sample1	0.275911111111111	0.0036288742140709	50625
Sample3	Sample51	0.284174256468123	0.0035515298856813	49628
Sample3	Sample17	0.267547380969759	0.0040231249101871	41103
Sample3	Sample48	0.285914911193722	0.004494794309942	24210
Sample3	Sample13	0.288919380852652	0.0038390697343556	41541
Sample3	Sample57	0.266205853021081	0.0049851309860837	29079
Sample3	Sample54	0.275830151567743	0.0045540597658759	25929
Sample3	Sample7	0.279874548160748	0.0053393787048092	18812
Sample3	Sample58	0.245052545380101	0.0046367837358323	29308
Sample3	Sample27	0.284946724098844	0.0040701917254402	44110
Sample3	Sample45	0.262482168330956	0.008622968267953	4907
Sample3	Sample24	0.264629469256464	0.0070925084853879	8083
Sample3	Sample22	0.275117242323623	0.0045006603340007	29213
Sample3	Sample25	0.278581765557164	0.0148728356999607	1382
Sample3	Sample31	0.28272007452259	0.012064464057346	2147
Sample3	Sample18	0.256726951918836	0.0122359768762825	2267
Sample8	Sample42	0.276412384296202	0.0070354541238556	9399
Sample8	Sample35	0.279695127173075	0.0063106901966288	11677
Sample8	Sample12	0.243475274725275	0.0102237941349907	2912
Sample8	Sample21	0.264327891629038	0.0114462573506893	2879
Sample8	Sample16	0.265832106038292	0.008764717552493	4074
Sample8	Sample19	0.282093149832828	0.0058729339566836	12861
Sample8	Sample15	0.28041455658933	0.0069629768515098	8491
Sample8	Sample10	0.272962090708805	0.0061992654744127	13163
Sample8	Sample23	0.275274602107151	0.0059161624120089	13383
Sample8	Sample44	0.269923269771329	0.0063952351560872	13163
Sample8	Sample1	0.277997984548203	0.0057663643761701	14885
Sample8	Sample51	0.277582076933916	0.0060652472555874	14194
Sample8	Sample17	0.27008866075595	0.0064743895973591	10715
Sample8	Sample48	0.281259942729876	0.0081853824877906	6286
Sample8	Sample13	0.281674685574407	0.0061643866435707	11847
Sample8	Sample57	0.206472081218274	0.0065741731462728	7880
Sample8	Sample54	0.278847659307969	0.0079564575503563	6387
Sample8	Sample7	0.279515640766902	0.0087689852986991	4955
Sample8	Sample58	0.239713099282748	0.0068674109051865	7947
Sample8	Sample27	0.284104697521234	0.0057737407919775	11538
Sample8	Sample45	0.246062992125984	0.013700515917007	1524
Sample8	Sample24	0.269866247049567	0.0122881104673658	2542
Sample8	Sample22	0.281358506944444	0.0063105282599365	9216
Sample8	Sample25	0.284684684684685	0.0216818509958513	555
Sample8	Sample31	0.286363636363636	0.017902281561078	880
Sample8	Sample18	0.219222462203024	0.0167570641741379	926
Sample42	Sample35	0.277042659414701	0.0036705224495141	49274
Sample42	Sample12	0.267478991596639	0.0062703638728839	11900
Sample42	Sample21	0.280946123521682	0.0064257425340087	11415
Sample42	Sample16	0.280157766990291	0.005631775360774	16480
Sample42	Sample19	0.280899717434832	0.0035605776402978	53439
Sample42	Sample15	0.282308584686775	0.0044650212294905	34480
Sample42	Sample10	0.281858197824584	0.0038512787063841	54978
Sample42	Sample23	0.278198153497191	0.0035135862795478	56431
Sample42	Sample44	0.277262222864158	0.0034759659854351	55388
Sample42	Sample1	0.271837029818136	0.0036574903601478	63619
Sample42	Sample51	0.279058107859686	0.0030546842787568	59837
Sample42	Sample17	0.277652888012112	0.004197241084131	43594
Sample42	Sample48	0.285492722500597	0.0043176992817369	25146
Sample42	Sample13	0.280058001369477	0.0032989086225764	49654
Sample42	Sample57	0.278038122981445	0.0045874553357556	31582
Sample42	Sample54	0.285490227620043	0.0046465264875861	24866
Sample42	Sample7	0.277305825242718	0.005070627182725	19776
Sample42	Sample58	0.279614239642769	0.0042972146994237	32248
Sample42	Sample27	0.28084172312628	0.0038718282832936	47379
Sample42	Sample45	0.272111148763131	0.0078462445002896	5902
Sample42	Sample24	0.261005990301417	0.0065965198709946	10517
Sample42	Sample22	0.268758593596543	0.0036451768621136	40728
Sample42	Sample25	0.261761158021713	0.0120310491234999	2487
Sample42	Sample31	0.257522567703109	0.0086992813471752	3988
Sample42	Sample18	0.260637004619499	0.0092640829979895	4113
Sample35	Sample12	0.283881150072051	0.005529089123223	14573
Sample35	Sample21	0.282703488372093	0.0053651462937101	13760
Sample35	Sample16	0.282338806567881	0.0052361664874076	19976
Sample35	Sample19	0.281669041079795	0.0036105694353966	68087
Sample35	Sample15	0.277826323123066	0.0038156210475304	42343
Sample35	Sample10	0.281421232876712	0.003809420036608	70080
Sample35	Sample23	0.28333379505222	0.0032788102819319	72194
Sample35	Sample44	0.275970905126035	0.0037169702656366	69703
Sample35	Sample1	0.274309392265193	0.0033936169781368	83260
Sample35	Sample51	0.272210303202626	0.003316900376459	77374
Sample35	Sample17	0.28242844688468	0.0041714943582605	53911
Sample35	Sample48	0.271345803674888	0.0040449629874937	30205
Sample35	Sample13	0.279574536148433	0.0032389233584623	62520
Sample35	Sample57	0.279421777614833	0.0042771941031583	38186
Sample35	Sample54	0.289398566117897	0.0042960594737299	30128
Sample35	Sample7	0.281495232469834	0.0046729151225632	23702
Sample35	Sample58	0.280110203978465	0.0044302073709364	39563
Sample35	Sample27	0.283038851436545	0.0038015951093699	59483
Sample35	Sample45	0.25732361435841	0.007324119669684	7271
Sample35	Sample24	0.259996947496948	0.0059954428729562	13104
Sample35	Sample22	0.26724972017226	0.0032952234585473	52711
Sample35	Sample25	0.272148058252427	0.0095842405736514	3296
Sample35	Sample31	0.256483058868067	0.0076048947396212	5283
Sample35	Sample18	0.264927429726254	0.007927156219351	5443
Sample12	Sample21	0.232658569500675	0.0090005911929221	3705
Sample12	Sample16	0.273950910530483	0.0088196950794232	5052
Sample12	Sample19	0.275551354757404	0.0053614359343962	15870
Sample12	Sample15	0.27655252466628	0.0068087796408038	10338
Sample12	Sample10	0.272943037974684	0.0051231218918364	16432
Sample12	Sample23	0.270235064242998	0.0054555887317007	16889
Sample12	Sample44	0.26430852370425	0.004841138228017	16284
Sample12	Sample1	0.271248997058037	0.0053871702419789	18695
Sample12	Sample51	0.27703695332806	0.0050578513656637	17698
Sample12	Sample17	0.27243466932332	0.00618843954813	13049
Sample12	Sample48	0.280771195097038	0.0076883247973186	7832
Sample12	Sample13	0.285071519709892	0.0051890674257874	14891
Sample12	Sample57	0.243965339385187	0.006376581080688	9694
Sample12	Sample54	0.273970834946445	0.007246679309115	7749
Sample12	Sample7	0.277945140320279	0.0084712448752446	6307
Sample12	Sample58	0.218975872951237	0.0065285284955832	9823
Sample12	Sample27	0.288496824276641	0.0059116036823411	14170
Sample12	Sample45	0.237751418256833	0.013137751292178	1939
Sample12	Sample24	0.26714463840399	0.0104259277816608	3208
Sample12	Sample22	0.264057110772439	0.0059116055040793	12467
Sample12	Sample25	0.280701754385965	0.0184651960764755	741
Sample12	Sample31	0.264418811002662	0.0161714287779455	1127
Sample12	Sample18	0.211586901763224	0.0146205846067235	1191
Sample21	Sample16	0.280171573406122	0.0082306749682471	5129
Sample21	Sample19	0.279176645737588	0.0050817439022375	15449
Sample21	Sample15	0.278791933479881	0.0067253776571695	10463
Sample21	Sample10	0.282750745416482	0.0053765522290507	15763
Sample21	Sample23	0.281162486775779	0.0052355724576136	16069
Sample21	Sample44	0.278838759292489	0.0055275962621511	15604
Sample21	Sample1	0.271894445724821	0.0052804878715228	17356
Sample21	Sample51	0.281167900644853	0.0045354114856855	16748
Sample21	Sample17	0.285617673579802	0.0062027800297599	13308
Sample21	Sample48	0.275725266550955	0.006707853665736	8066
Sample21	Sample13	0.284655196530983	0.0052339832868667	14298
Sample21	Sample57	0.256810529537802	0.0066192308802769	9801
Sample21	Sample54	0.277569301537344	0.0068324438039637	8261
Sample21	Sample7	0.278864059590317	0.007432322102603	6444
Sample21	Sample58	0.244528533442422	0.0064950375476215	9778
Sample21	Sample27	0.279589541748665	0.0055946667941689	14228
Sample21	Sample45	0.27035490605428	0.0138932134200421	1916
Sample21	Sample24	0.241170855870188	0.0097882931837572	3143
Sample21	Sample22	0.273123354815286	0.0061509865315975	11017
Sample21	Sample25	0.279437609841828	0.0210972443854349	569
Sample21	Sample31	0.260964912280702	0.0176695149153591	912
Sample21	Sample18	0.29126213592233	0.0181763689091423	927
Sample16	Sample19	0.283610153556879	0.0050378616178708	22337
Sample16	Sample15	0.279066693105955	0.0056224338832095	15129
Sample16	Sample10	0.252719775399193	0.0047286201935864	22796
Sample16	Sample23	0.253697334479794	0.0047911578798869	23260
Sample16	Sample44	0.259634978293612	0.0054351219014638	22574
Sample16	Sample1	0.274778848044034	0.0049518242704384	25435
Sample16	Sample51	0.281919030660281	0.0048152385839992	24429
Sample16	Sample17	0.273794483049063	0.0056531532997883	18996
Sample16	Sample48	0.284837323511357	0.0062177983921822	11403
Sample16	Sample13	0.279375152550647	0.0046081241045376	20485
Sample16	Sample57	0.273802654356607	0.0055018768094557	13864
Sample16	Sample54	0.282552973342447	0.0064670233601646	11704
Sample16	Sample7	0.276444444444444	0.0070012028636998	9000
Sample16	Sample58	0.278109452736318	0.0061934816777317	14070
Sample16	Sample27	0.285210405133983	0.0054315523320117	20413
Sample16	Sample45	0.272904483430799	0.0114916086373941	2565
Sample16	Sample24	0.272135719265629	0.0092455747120231	4303
Sample16	Sample22	0.276154631283491	0.0052238770747996	15676
Sample16	Sample25	0.264812575574365	0.0179030894196611	827
Sample16	Sample31	0.258208955223881	0.0140690461837184	1340
Sample16	Sample18	0.28149300155521	0.0154416932421699	1286
Sample19	Sample15	0.281206171107994	0.0034463495747182	48484
Sample19	Sample10	0.279605957837986	0.0030278522371384	80499
Sample19	Sample23	0.280001461258387	0.0030060869426887	82121
Sample19	Sample44	0.280008791890774	0.0032815360425274	77344
Sample19	Sample1	0.277297825394909	0.0036978168023226	91097
Sample19	Sample51	0.278700410086775	0.0033071945495459	88274
Sample19	Sample17	0.279155756565897	0.0036668910692431	63015
Sample19	Sample48	0.284862830091827	0.0039968558756476	35066
Sample19	Sample13	0.279566795322311	0.0029324486193965	69436
Sample19	Sample57	0.282291449848516	0.0035796304211398	43239
Sample19	Sample54	0.282993350614223	0.0038981266500451	35492
Sample19	Sample7	0.277960215906088	0.004506326391356	26493
Sample19	Sample58	0.280733656609195	0.0039639280859164	44544
Sample19	Sample27	0.281551039076123	0.0031383318227447	69966
Sample19	Sample45	0.262540716612378	0.0063844357466688	7675
Sample19	Sample24	0.263598636431006	0.0049178253153025	13494
Sample19	Sample22	0.23411577667633	0.0033444407226038	53465
Sample19	Sample25	0.272756827048114	0.0105580899087724	3076
Sample19	Sample31	0.265761200081087	0.007865385999023	4933
Sample19	Sample18	0.268297455968689	0.0084071076514895	5110
Sample15	Sample10	0.276370664225409	0.0034686997136005	49155
Sample15	Sample23	0.27672539940265	0.0033952499732852	49887
Sample15	Sample44	0.262785974801061	0.0039122667550422	48256
Sample15	Sample1	0.278706985674199	0.0036225499348846	54168
Sample15	Sample51	0.277867033891822	0.003222175505289	52284
Sample15	Sample17	0.280294686345057	0.0039788786246066	40857
Sample15	Sample48	0.280698074422117	0.0046025046731306	23837
Sample15	Sample13	0.288940292696333	0.0034952694404137	43663
Sample15	Sample57	0.280932784636488	0.0041816073464634	29160
Sample15	Sample54	0.281842597867665	0.0047645359277391	24574
Sample15	Sample7	0.277025934113334	0.0057270517232607	18547
Sample15	Sample58	0.276816141984681	0.005111483708305	29637
Sample15	Sample27	0.284273600904466	0.0034627139298832	44225
Sample15	Sample45	0.27491067884081	0.0087413570500068	5038
Sample15	Sample24	0.252924982794219	0.006659850332012	8718
Sample15	Sample22	0.271905207358902	0.0037061218415568	32070
Sample15	Sample25	0.272300469483568	0.0135978120565328	1704
Sample15	Sample31	0.278825235678028	0.0110937940159525	2758
Sample15	Sample18	0.270720231632284	0.0109973604147461	2763
Sample10	Sample23	0.247899759632547	0.0033654622864141	84038
Sample10	Sample44	0.211020269333972	0.0029488491958973	79381
Sample10	Sample1	0.267197428501485	0.0032068225849561	93953
Sample10	Sample51	0.276630755033744	0.002762385657192	89943
Sample10	Sample17	0.27053406707769	0.0036407232285052	63419
Sample10	Sample48	0.283419586550154	0.0038423234335988	35361
Sample10	Sample13	0.280694634910862	0.0030089423846555	71462
Sample10	Sample57	0.278473817049046	0.0041720474234658	43979
Sample10	Sample54	0.281640328963988	0.003768323769768	35627
Sample10	Sample7	0.280753014276204	0.0041669753852157	27038
Sample10	Sample58	0.272669023420239	0.0037087587591448	45260
Sample10	Sample27	0.281513142013263	0.0032329325945951	70423
Sample10	Sample45	0.265296072879478	0.0069822151721461	8123
Sample10	Sample24	0.261676353196555	0.0052651115089627	14281
Sample10	Sample22	0.269423820976681	0.003144234073606	57378
Sample10	Sample25	0.23755787037037	0.0091181749560778	3456
Sample10	Sample31	0.267533418787768	0.0074495568623984	5461
Sample10	Sample18	0.266689847009736	0.0079870848282459	5752
Sample23	Sample44	0.249436246874847	0.0034436173003399	81596
Sample23	Sample1	0.26970556386325	0.0029815933299645	96965
Sample23	Sample51	0.277013603973224	0.0032724898265033	92620
Sample23	Sample17	0.278057704531713	0.0033578832667184	64501
Sample23	Sample48	0.280437451177324	0.0037436977170318	35844
Sample23	Sample13	0.27584799934717	0.0033003204643688	73526
Sample23	Sample57	0.276638655462185	0.0036781536983071	44625
Sample23	Sample54	0.284223415801631	0.0034402553091019	35933
Sample23	Sample7	0.284441697269389	0.004357549451651	27503
Sample23	Sample58	0.276228477252028	0.003969754611415	46114
Sample23	Sample27	0.280942422975045	0.0033992912411333	71730
Sample23	Sample45	0.263416387158601	0.006513475817447	8348
Sample23	Sample24	0.264219058647231	0.0051850373705071	14681
Sample23	Sample22	0.265304430033337	0.0033090933363762	60293
Sample23	Sample25	0.25424178154825	0.0093022069075774	3772
Sample23	Sample31	0.26628664495114	0.0073649587518499	6140
Sample23	Sample18	0.264569695034329	0.007272057978945	6263
Sample44	Sample1	0.260779530546972	0.0032314657597023	92235
Sample44	Sample51	0.275930475300739	0.0027784236571529	86703
Sample44	Sample17	0.26358888387388	0.0036958462639246	62036
Sample44	Sample48	0.287313756690294	0.0039787442412388	34565
Sample44	Sample13	0.281383076553061	0.0029729614877294	70683
Sample44	Sample57	0.274940180379164	0.0039293772615125	43464
Sample44	Sample54	0.28209858748919	0.0039961897169271	34690
Sample44	Sample7	0.278658490989307	0.004429461703495	26746
Sample44	Sample58	0.265170887905539	0.0037433822451264	44971
Sample44	Sample27	0.282861117212095	0.0032609428277177	68295
Sample44	Sample45	0.261506276150628	0.006731486133212	8126
Sample44	Sample24	0.258774996503985	0.0054373440267915	14302
Sample44	Sample22	0.26483518423701	0.0033114885720154	56639
Sample44	Sample25	0.217150760719225	0.0090007966867484	3615
Sample44	Sample31	0.268627796371323	0.0083305971931778	5677
Sample44	Sample18	0.253044654939107	0.0076860264034763	5912
Sample1	Sample51	0.263733569690912	0.0029281947755162	106054
Sample1	Sample17	0.206281360341944	0.0030300195600455	69953
Sample1	Sample48	0.280219345653951	0.0039884118445013	37931
Sample1	Sample13	0.271703203227531	0.0033603853762869	82292
Sample1	Sample57	0.273747876879738	0.0042322390341782	48278
Sample1	Sample54	0.284151696606786	0.0038551083523317	37575
Sample1	Sample7	0.276979767306971	0.0044395926565288	29309
Sample1	Sample58	0.272642943138532	0.004141042058608	50667
Sample1	Sample27	0.273908517228527	0.003484175032977	77807
Sample1	Sample45	0.261828012893834	0.0063735537747383	9617
Sample1	Sample24	0.255742551739823	0.0049782931043798	17588
Sample1	Sample22	0.263646606844685	0.0037641076281751	73663
Sample1	Sample25	0.259228706949887	0.0081455339687191	4849
Sample1	Sample31	0.267299327797548	0.0066469956115653	7587
Sample1	Sample18	0.257892057026477	0.0064139512210425	7856
Sample51	Sample17	0.26302517290705	0.0034041888375534	67811
Sample51	Sample48	0.279074765601913	0.0036126126718779	37223
Sample51	Sample13	0.280163599182004	0.0031975606614596	78240
Sample51	Sample57	0.278931242098948	0.0040335979242551	46671
Sample51	Sample54	0.282823643829695	0.0038186125244887	37016
Sample51	Sample7	0.277159905377255	0.0041429241127296	28323
Sample51	Sample58	0.282083470530128	0.003452788921861	48592
Sample51	Sample27	0.281224097780468	0.0032545610200508	76007
Sample51	Sample45	0.264921106791676	0.0063552657262309	8746
Sample51	Sample24	0.267450028737467	0.0051824609623553	15659
Sample51	Sample22	0.265679615355262	0.0033690622169182	65515
Sample51	Sample25	0.271531397369074	0.0093347917276137	4029
Sample51	Sample31	0.264673657849429	0.0072756743204189	6389
Sample51	Sample18	0.268942292974131	0.0069865222513451	6533
Sample17	Sample48	0.279463051918142	0.0043246362272469	30394
Sample17	Sample13	0.281619311038471	0.003882973038308	55678
Sample17	Sample57	0.277117565848245	0.0044310806813812	36941
Sample17	Sample54	0.279468942626837	0.0043150999984352	31635
Sample17	Sample7	0.277915951972556	0.0055447551601479	23320
Sample17	Sample58	0.275158357848984	0.0046361123223368	37731
Sample17	Sample27	0.281875704255872	0.0038536403345507	57685
Sample17	Sample45	0.268530150753769	0.008377012242464	6368
Sample17	Sample24	0.253374965561576	0.0062041291288895	10889
Sample17	Sample22	0.273564706468157	0.0038396919460817	40166
Sample17	Sample25	0.278301886792453	0.012158827328731	2120
Sample17	Sample31	0.274954072259645	0.010379950957777	3266
Sample17	Sample18	0.264679846562408	0.0098256927187438	3389
Sample48	Sample13	0.222211693357339	0.0041289409325951	31659
Sample48	Sample57	0.283041148151512	0.0051385863853088	22018
Sample48	Sample54	0.275602409638554	0.0048865055715022	19256
Sample48	Sample7	0.278647980214345	0.0058606031454766	14556
Sample48	Sample58	0.285247093023256	0.0048802149311654	22016
Sample48	Sample27	0.280769466397108	0.0040656327532035	32646
Sample48	Sample45	0.265342500636618	0.0098962316171712	3927
Sample48	Sample24	0.26406464400061	0.0073142156574357	6559
Sample48	Sample22	0.276654810445042	0.0042401181620006	23054
Sample48	Sample25	0.254646840148699	0.0163948258981651	1076
Sample48	Sample31	0.274356103023516	0.0133674083714321	1786
Sample48	Sample18	0.261839956450735	0.0135539359942147	1837
Sample13	Sample57	0.281630799505513	0.0040619158207455	39637
Sample13	Sample54	0.280546978385532	0.0037524748997704	31738
Sample13	Sample7	0.276824810187603	0.0039315056964347	24893
Sample13	Sample58	0.282146024238841	0.003993134711169	40596
Sample13	Sample27	0.281297796869407	0.003294900758777	61458
Sample13	Sample45	0.268991619356583	0.0071231856893938	7398
Sample13	Sample24	0.267078377554132	0.0057064880702553	13116
Sample13	Sample22	0.269048840257594	0.0034546617972184	52641
Sample13	Sample25	0.262931034482759	0.0100982512759709	3248
Sample13	Sample31	0.26430568499534	0.0078601652993845	5365
Sample13	Sample18	0.271880138863512	0.0075861070441984	5473
Sample57	Sample54	0.279093399310771	0.0048313358372718	22634
Sample57	Sample7	0.276308321035305	0.0049947746020957	17618
Sample57	Sample58	0.252275062380743	0.0048486995841325	27252
Sample57	Sample27	0.27913640133712	0.003751422421795	39787
Sample57	Sample45	0.263492714959984	0.0090899477790823	4873
Sample57	Sample24	0.265810276679842	0.0074720630811724	8096
Sample57	Sample22	0.278092024742814	0.0039612893328662	30231
Sample57	Sample25	0.287589498806683	0.0141376082074832	1676
Sample57	Sample31	0.269866247049567	0.0111919817460108	2542
Sample57	Sample18	0.242501828822238	0.0112017862365802	2734
Sample54	Sample7	0.275711737895502	0.0059628331500736	15139
Sample54	Sample58	0.275544645596809	0.0048160970854353	22813
Sample54	Sample27	0.282573917165373	0.0036981518453675	33754
Sample54	Sample45	0.231381055676067	0.0094432337330212	4149
Sample54	Sample24	0.265421956684093	0.0079195208802024	6695
Sample54	Sample22	0.277102154273801	0.0043678970834156	23024
Sample54	Sample25	0.287158746208291	0.0169630088454527	989
Sample54	Sample31	0.27355623100304	0.014505715180695	1645
Sample54	Sample18	0.261449275362319	0.014287057472729	1725
Sample7	Sample58	0.279306596487213	0.0051495142735638	17479
Sample7	Sample27	0.278406117931173	0.0046179099253406	24845
Sample7	Sample45	0.263513513513514	0.0107553326939534	3404
Sample7	Sample24	0.264817835780315	0.0083490031355186	5517
Sample7	Sample22	0.253480899678686	0.0048838800418207	19607
Sample7	Sample25	0.284755512943432	0.0164337881797997	1043
Sample7	Sample31	0.215384615384615	0.0129165654197843	1755
Sample7	Sample18	0.259218492019813	0.0127708230084928	1817
Sample58	Sample27	0.283512756230644	0.0040407632409905	40686
Sample58	Sample45	0.266426282051282	0.0085306983103405	4992
Sample58	Sample24	0.268166293722765	0.006703517465778	8491
Sample58	Sample22	0.267553561271567	0.0040561437556263	31646
Sample58	Sample25	0.270796460176991	0.0126924386173081	1695
Sample58	Sample31	0.273692191053829	0.0112698938338659	2638
Sample58	Sample18	0.201215153681201	0.0092151536062983	2798
Sample27	Sample45	0.265060240963855	0.0075237542893857	6972
Sample27	Sample24	0.271706081081081	0.0059104410151955	11840
Sample27	Sample22	0.275704561076742	0.0033582699899763	45099
Sample27	Sample25	0.265796124684078	0.0118441264732529	2374
Sample27	Sample31	0.285935085007728	0.0096136172533209	3882
Sample27	Sample18	0.266868840030326	0.0090431978237252	3957
Sample45	Sample24	0.239341810022438	0.0114688668060655	2674
Sample45	Sample22	0.252335343502424	0.0065833670733594	8457
Sample45	Sample25	0.253913043478261	0.020452837515534	575
Sample45	Sample31	0.263221153846154	0.0177784538835247	832
Sample45	Sample18	0.233712512926577	0.016483955573791	967
Sample24	Sample22	0.253664181023399	0.0053439796939081	15556
Sample24	Sample25	0.270944741532977	0.0160675569808974	1122
Sample24	Sample31	0.229965156794425	0.0120092558744375	1722
Sample24	Sample18	0.224780701754386	0.0121308154804578	1824
Sample22	Sample25	0.264285714285714	0.0077700506459558	5320
Sample22	Sample31	0.250384569873388	0.0064647506264149	8451
Sample22	Sample18	0.248705855285862	0.0059075482313192	8693
Sample25	Sample31	0.23196448390677	0.0163444127472842	901
Sample25	Sample18	0.238046795523906	0.0158541864345685	983
Sample31	Sample18	0.240280433397068	0.0139090308979541	1569
Sample4	Sample6	0.132	0.0075237542893857	15999
